<?xml version="1.0" encoding="UTF-8"?>
<!-- DO NOT EDIT THIS FILE: Some changes can lead to a crash of Polyspace products -->
<polyspace_checkers_selection xmlns:xsi="http://www.w3.org/2001/XMLSchema-instance" xsi:noNamespaceSchemaLocation="selection_schema.xsd" revision="1.0">
  <standard name="MISRA C:2004" state="on"/>
  <standard name="MISRA AC AGC" state="on"/>
  <standard name="MISRA C:2012">
    <section name="1 The implementation">
      <check id="D1.1" state="off"/>
    </section>
    <section name="2 Compilation and build">
      <check id="D2.1" state="off"/>
    </section>
    <section name="3 Requirements traceability">
      <check id="D3.1" state="off">
      </check>
    </section>
    <section name="4 Code design">
      <check id="D4.1" state="off"/>
      <check id="D4.2" state="off">
      </check>
      <check id="D4.3" state="off"/>
      <check id="D4.4" state="off"/>
      <check id="D4.5" state="off"/>
      <check id="D4.6" state="off"/>
      <check id="D4.7" state="off"/>
      <check id="D4.8" state="off"/>
      <check id="D4.9" state="off"/>
      <check id="D4.10" state="off"/>
      <check id="D4.11" state="off"/>
      <check id="D4.12" state="off"/>
      <check id="D4.13" state="off"/>
      <check id="D4.14" state="off"/>
    </section>
    <section name="1 A standard C environment">
      <check id="1.1" state="off"/>
      <check id="1.2" state="off"/>
      <check id="1.3" state="off"/>
      <check id="1.4" state="off"/>
    </section>
    <section name="2 Unused code">
      <check id="2.1" state="on"/>
      <check id="2.2" state="on"/>
      <check id="2.3" state="off"/>
      <check id="2.4" state="off"/>
      <check id="2.5" state="off"/>
      <check id="2.6" state="off"/>
      <check id="2.7" state="off"/>
    </section>
    <section name="3 Comments">
      <check id="3.1" state="on"/>
      <check id="3.2" state="on"/>
    </section>
    <section name="4 Character sets and lexical conventions">
      <check id="4.1" state="on"/>
      <check id="4.2" state="off"/>
    </section>
    <section name="5 Identifiers">
      <check id="5.1" state="on"/>
      <check id="5.2" state="on"/>
      <check id="5.3" state="on"/>
      <check id="5.4" state="on"/>
      <check id="5.5" state="on"/>
      <check id="5.6" state="on"/>
      <check id="5.7" state="on"/>
      <check id="5.8" state="on"/>
      <check id="5.9" state="off"/>
    </section>
    <section name="6 Types">
      <check id="6.1" state="on"/>
      <check id="6.2" state="on"/>
    </section>
    <section name="7 Literals and constants">
      <check id="7.1" state="on"/>
      <check id="7.2" state="on"/>
      <check id="7.3" state="on"/>
      <check id="7.4" state="on"/>
    </section>
    <section name="8 Declarations and definitions">
      <check id="8.1" state="on"/>
      <check id="8.2" state="on"/>
      <check id="8.3" state="on"/>
      <check id="8.4" state="on"/>
      <check id="8.5" state="on"/>
      <check id="8.6" state="on"/>
      <check id="8.7" state="off"/>
      <check id="8.8" state="on"/>
      <check id="8.9" state="off"/>
      <check id="8.10" state="on"/>
      <check id="8.11" state="off"/>
      <check id="8.12" state="on"/>
      <check id="8.13" state="off"/>
      <check id="8.14" state="on"/>
    </section>
    <section name="9 Initialization">
      <check id="9.1" state="on"/>
      <check id="9.2" state="on"/>
      <check id="9.3" state="on"/>
      <check id="9.4" state="on"/>
      <check id="9.5" state="on"/>
    </section>
    <section name="10 The essential type model">
      <check id="10.1" state="on"/>
      <check id="10.2" state="on"/>
      <check id="10.3" state="off"/>
      <check id="10.4" state="off"/>
      <check id="10.5" state="off"/>
      <check id="10.6" state="on"/>
      <check id="10.7" state="on"/>
      <check id="10.8" state="on"/>
    </section>
    <section name="11 Pointer type conversions">
      <check id="11.1" state="on"/>
      <check id="11.2" state="on"/>
      <check id="11.3" state="on"/>
      <check id="11.4" state="off"/>
      <check id="11.5" state="off"/>
      <check id="11.6" state="on"/>
      <check id="11.7" state="on"/>
      <check id="11.8" state="on"/>
      <check id="11.9" state="on"/>
    </section>
    <section name="12 Expressions">
      <check id="12.1" state="off"/>
      <check id="12.2" state="on"/>
      <check id="12.3" state="off"/>
      <check id="12.4" state="off"/>
      <check id="12.5" state="on"/>
    </section>
    <section name="13 Side effects">
      <check id="13.1" state="on"/>
      <check id="13.2" state="off"/>
      <check id="13.3" state="off"/>
      <check id="13.4" state="off"/>
      <check id="13.5" state="on"/>
      <check id="13.6" state="on"/>
    </section>
    <section name="14 Control statement expressions">
      <check id="14.1" state="on"/>
      <check id="14.2" state="on"/>
      <check id="14.3" state="on"/>
      <check id="14.4" state="on"/>
    </section>
    <section name="15 Control flow">
      <check id="15.1" state="off"/>
      <check id="15.2" state="on"/>
      <check id="15.3" state="on"/>
      <check id="15.4" state="off"/>
      <check id="15.5" state="off"/>
      <check id="15.6" state="on"/>
      <check id="15.7" state="on"/>
    </section>
    <section name="16 Switch statements">
      <check id="16.1" state="on"/>
      <check id="16.2" state="on"/>
      <check id="16.3" state="on"/>
      <check id="16.4" state="on"/>
      <check id="16.5" state="on"/>
      <check id="16.6" state="on"/>
      <check id="16.7" state="on"/>
    </section>
    <section name="17 Functions">
      <check id="17.1" state="on"/>
      <check id="17.2" state="on"/>
      <check id="17.3" state="on"/>
      <check id="17.4" state="on"/>
      <check id="17.5" state="off"/>
      <check id="17.6" state="on"/>
      <check id="17.7" state="on"/>
      <check id="17.8" state="off"/>
    </section>
    <section name="18 Pointers and arrays">
      <check id="18.1" state="on"/>
      <check id="18.2" state="on"/>
      <check id="18.3" state="on"/>
      <check id="18.4" state="off"/>
      <check id="18.5" state="off"/>
      <check id="18.6" state="on"/>
      <check id="18.7" state="on"/>
      <check id="18.8" state="on"/>
    </section>
    <section name="19 Overlapping storage">
      <check id="19.1" state="on"/>
      <check id="19.2" state="off"/>
    </section>
    <section name="20 Preprocessing directives">
      <check id="20.1" state="off"/>
      <check id="20.2" state="on"/>
      <check id="20.3" state="on"/>
      <check id="20.4" state="on"/>
      <check id="20.5" state="off"/>
      <check id="20.6" state="on"/>
      <check id="20.7" state="on"/>
      <check id="20.8" state="on"/>
      <check id="20.9" state="on"/>
      <check id="20.10" state="off"/>
      <check id="20.11" state="on"/>
      <check id="20.12" state="on"/>
      <check id="20.13" state="on"/>
      <check id="20.14" state="on"/>
    </section>
    <section name="21 Standard libraries">
      <check id="21.1" state="on"/>
      <check id="21.2" state="on"/>
      <check id="21.3" state="on"/>
      <check id="21.4" state="on"/>
      <check id="21.5" state="on"/>
      <check id="21.6" state="on"/>
      <check id="21.7" state="on"/>
      <check id="21.8" state="on"/>
      <check id="21.9" state="on"/>
      <check id="21.10" state="on"/>
      <check id="21.11" state="on"/>
      <check id="21.12" state="off"/>
      <check id="21.13" state="on"/>
      <check id="21.14" state="on"/>
      <check id="21.15" state="on"/>
      <check id="21.16" state="on"/>
      <check id="21.17" state="on"/>
      <check id="21.18" state="on"/>
      <check id="21.19" state="on"/>
      <check id="21.20" state="on"/>
      <check id="21.21" state="off"/>
    </section>
    <section name="22 Resources">
      <check id="22.1" state="on"/>
      <check id="22.2" state="on"/>
      <check id="22.3" state="on"/>
      <check id="22.4" state="on"/>
      <check id="22.5" state="on"/>
      <check id="22.6" state="on"/>
      <check id="22.7" state="on"/>
      <check id="22.8" state="on"/>
      <check id="22.9" state="on"/>
      <check id="22.10" state="on"/>
    </section>
  </standard>
  <standard name="MISRA C++:2008" state="on"/>
  <standard name="JSF AV C++" state="on"/>
  <standard name="SEI CERT C" state="on"/>
  <standard name="SEI CERT C++" state="on"/>
  <standard name="ISO/IEC TS 17961" state="on"/>
  <standard name="AUTOSAR C++14" state="on"/>
  <standard name="Guidelines">
    <section name="Software Complexity">
      <check id="SC01" state="on">
        <threshold>10000</threshold>
      </check>
      <check id="SC02" state="on">
        <threshold>20</threshold>
      </check>
      <check id="SC03" state="on">
        <threshold>20</threshold>
      </check>
      <check id="SC04" state="on">
        <threshold>5</threshold>
      </check>
      <check id="SC05" state="on">
        <threshold>7</threshold>
      </check>
      <check id="SC06" state="on">
        <threshold>50</threshold>
      </check>
      <check id="SC07" state="on">
        <threshold>5</threshold>
      </check>
      <check id="SC08" state="on">
        <threshold>20</threshold>
      </check>
      <check id="SC09" state="on">
        <threshold>20</threshold>
      </check>
      <check id="SC10" state="on">
        <threshold>1200</threshold>
      </check>
      <check id="SC11" state="on">
        <threshold>1000</threshold>
      </check>
      <check id="SC12" state="on">
        <threshold>50</threshold>
      </check>
      <check id="SC13" state="on">
        <threshold>0</threshold>
      </check>
      <check id="SC14" state="on">
        <threshold>4</threshold>
      </check>
      <check id="SC15" state="on">
        <threshold>80</threshold>
      </check>
      <check id="SC16" state="on">
        <threshold>1</threshold>
      </check>
      <check id="SC17" state="on">
        <threshold>10</threshold>
      </check>
      <check id="SC18" state="on">
        <threshold>400</threshold>
      </check>
    </section>
  </standard>
  <standard name="CUSTOM RULES">
    <section name="1 Files">
      <check id="1.1" state="on">
      </check>
      <check id="1.2" state="on">
      </check>
      <check id="1.3" state="on">
      </check>
      <check id="1.4" state="on">
      </check>
    </section>
    <section name="2 Preprocessing">
      <check id="2.1" state="on">
      </check>
      <check id="2.2" state="on">
      </check>
    </section>
    <section name="3 Typedefs">
      <check id="3.1" state="on">
      </check>
      <check id="3.2" state="on">
      </check>
      <check id="3.3" state="on">
      </check>
      <check id="3.4" state="on">
      </check>
      <check id="3.5" state="on">
      </check>
    </section>
    <section name="4 Structs">
      <check id="4.1" state="on">
      </check>
      <check id="4.2" state="on">
      </check>
      <check id="4.3" state="on">
      </check>
      <check id="4.4" state="on">
      </check>
    </section>
    <section name="5 Classes (C++ rule)">
      <check id="5.1" state="on">
      </check>
      <check id="5.2" state="on">
      </check>
      <check id="5.3" state="on">
      </check>
      <check id="5.4" state="on">
      </check>
      <check id="5.5" state="on">
      </check>
      <check id="5.6" state="on">
      </check>
      <check id="5.7" state="on">
      </check>
    </section>
    <section name="6 Enumerations">
      <check id="6.1" state="on">
      </check>
      <check id="6.2" state="on">
      </check>
      <check id="6.3" state="on">
      </check>
    </section>
    <section name="7 Functions">
      <check id="7.1" state="on">
      </check>
      <check id="7.2" state="on">
      </check>
      <check id="7.3" state="on">
      </check>
    </section>
    <section name="8 Constants">
      <check id="8.1" state="on">
      </check>
      <check id="8.2" state="on">
      </check>
      <check id="8.3" state="on">
      </check>
      <check id="8.4" state="on">
      </check>
    </section>
    <section name="9 Variables">
      <check id="9.1" state="on">
      </check>
      <check id="9.2" state="on">
      </check>
      <check id="9.3" state="on">
      </check>
      <check id="9.4" state="on">
      </check>
    </section>
    <section name="10 Namespaces (C++ rule)">
      <check id="10.1" state="on">
      </check>
    </section>
    <section name="11 Class templates (C++ rule)">
      <check id="11.1" state="on">
      </check>
      <check id="11.2" state="on">
      </check>
    </section>
    <section name="12 Function templates (C++ rule)">
      <check id="12.1" state="on">
      </check>
      <check id="12.2" state="on">
      </check>
      <check id="12.3" state="on">
      </check>
    </section>
    <section name="20 Style">
      <check id="20.1" state="on">
      </check>
    </section>
  </standard>
</polyspace_checkers_selection>
