<?xml version="1.0" encoding="utf-8"?>
<!--Do not edit. This file has been auto generated. Please use APIs to modify customizations.-->
<MetricDashboardConfiguration>
    <Version>1.0</Version>
    <Name>default</Name>
    <Modules>
        <DashboardLayout>
            <Container>
                <Widths>
                    <Width>4</Width>
                    <Width>4</Width>
                    <Width>12</Width>
                    <Width>12</Width>
                </Widths>
                <Margin>10px</Margin>
                <Widgets>
                    <SystemInfo>
                        <Widths>
                            <Width>12</Width>
                        </Widths>
                    </SystemInfo>
                </Widgets>
            </Container>
            <Group>
                <Widths>
                    <Width>8</Width>
                    <Width>8</Width>
                    <Width>12</Width>
                    <Width>12</Width>
                </Widths>
                <Widgets>
                    <Container>
                        <Widths>
                            <Width>6</Width>
                            <Width>6</Width>
                            <Width>12</Width>
                            <Width>12</Width>
                        </Widths>
                        <Separators>
                            <Separator>0100</Separator>
                            <Separator>0100</Separator>
                            <Separator>0000</Separator>
                            <Separator>0000</Separator>
                        </Separators>
                        <Widgets>
                            <Custom>
                                <Widths>
                                    <Width>6</Width>
                                </Widths>
                                <Separators>
                                    <Separator>0100</Separator>
                                </Separators>
                                <Height>70</Height>
                                <VisualizationType>SingleValue</VisualizationType>
                                <Title>Blocks</Title>
                                <MetricIDs>
                                    <MetricID>mathworks.metrics.SimulinkBlockCount</MetricID>
                                </MetricIDs>
                            </Custom>
                            <Container>
                                <Widths>
                                    <Width>6</Width>
                                </Widths>
                                <Widgets>
                                    <Custom>
                                        <Widths>
                                            <Width>12</Width>
                                        </Widths>
                                        <Height>25</Height>
                                        <VisualizationType>SingleValue</VisualizationType>
                                        <Title>Models</Title>
                                        <MetricIDs>
                                            <MetricID>mathworks.metrics.ModelFileCount</MetricID>
                                        </MetricIDs>
                                    </Custom>
                                    <Custom>
                                        <Widths>
                                            <Width>12</Width>
                                        </Widths>
                                        <Height>25</Height>
                                        <VisualizationType>SingleValue</VisualizationType>
                                        <Title>Files</Title>
                                        <MetricIDs>
                                            <MetricID>mathworks.metrics.FileCount</MetricID>
                                        </MetricIDs>
                                    </Custom>
                                </Widgets>
                            </Container>
                        </Widgets>
                    </Container>
                    <Container>
                        <Widths>
                            <Width>6</Width>
                            <Width>6</Width>
                            <Width>12</Width>
                            <Width>12</Width>
                        </Widths>
                        <Separators>
                            <Separator>0000</Separator>
                            <Separator>0000</Separator>
                            <Separator>1000</Separator>
                            <Separator>1000</Separator>
                        </Separators>
                        <Widgets>
                            <Container>
                                <Widths>
                                    <Width>6</Width>
                                </Widths>
                                <Separators>
                                    <Separator>0100</Separator>
                                </Separators>
                                <Widgets>
                                    <Custom>
                                        <Widths>
                                            <Width>12</Width>
                                        </Widths>
                                        <Height>25</Height>
                                        <VisualizationType>SingleValue</VisualizationType>
                                        <Title>MATLAB LOC</Title>
                                        <MetricIDs>
                                            <MetricID>mathworks.metrics.MatlabLOCCount</MetricID>
                                        </MetricIDs>
                                    </Custom>
                                    <Custom>
                                        <Widths>
                                            <Width>12</Width>
                                        </Widths>
                                        <Height>25</Height>
                                        <VisualizationType>SingleValue</VisualizationType>
                                        <Title>Stateflow LOC</Title>
                                        <MetricIDs>
                                            <MetricID>mathworks.metrics.StateflowLOCCount</MetricID>
                                        </MetricIDs>
                                    </Custom>
                                </Widgets>
                            </Container>
                            <GlocalInterface>
                                <Widths>
                                    <Width>6</Width>
                                </Widths>
                                <Height>60</Height>
                            </GlocalInterface>
                        </Widgets>
                    </Container>
                </Widgets>
                <Title>SIZE</Title>
            </Group>
            <Group>
                <Widths>
                    <Width>4</Width>
                    <Width>4</Width>
                    <Width>5</Width>
                    <Width>12</Width>
                </Widths>
                <Widgets>
                    <Container>
                        <Widths>
                            <Width>12</Width>
                        </Widths>
                        <ShowBorder>1</ShowBorder>
                        <Widgets>
                            <Custom>
                                <Widths>
                                    <Width>6</Width>
                                    <Width>6</Width>
                                    <Width>6</Width>
                                    <Width>6</Width>
                                </Widths>
                                <VisualizationType>RadialGauge</VisualizationType>
                                <Title>MISRA</Title>
                                <MetricIDs>
                                    <MetricID>mathworks.metrics.ModelAdvisorCheckCompliance._SYSTEM_By Task_misra_c</MetricID>
                                </MetricIDs>
                            </Custom>
                            <Custom>
                                <Widths>
                                    <Width>6</Width>
                                </Widths>
                                <VisualizationType>RadialGauge</VisualizationType>
                                <Title>MAAB</Title>
                                <MetricIDs>
                                    <MetricID>mathworks.metrics.ModelAdvisorCheckCompliance.maab</MetricID>
                                </MetricIDs>
                            </Custom>
                            <Custom>
                                <Widths>
                                    <Width>12</Width>
                                </Widths>
                                <Height>220</Height>
                                <VisualizationType>BarChart</VisualizationType>
                                <Labels>
                                    <Label>MISRA</Label>
                                    <Label>MAAB</Label>
                                </Labels>
                                <Title>Model Advisor Check Issues</Title>
                                <MetricIDs>
                                    <MetricID>mathworks.metrics.ModelAdvisorCheckIssues._SYSTEM_By Task_misra_c</MetricID>
                                    <MetricID>mathworks.metrics.ModelAdvisorCheckIssues.maab</MetricID>
                                </MetricIDs>
                            </Custom>
                        </Widgets>
                    </Container>
                    <Container>
                        <Widths>
                            <Width>12</Width>
                        </Widths>
                        <ShowBorder>1</ShowBorder>
                        <Widgets>
                            <Custom>
                                <Widths>
                                    <Width>6</Width>
                                </Widths>
                                <Separators>
                                    <Separator>0100</Separator>
                                </Separators>
                                <Height>60</Height>
                                <VisualizationType>SingleValue</VisualizationType>
                                <Title>Code Analyzer Warnings</Title>
                                <MetricIDs>
                                    <MetricID>mathworks.metrics.MatlabCodeAnalyzerWarnings</MetricID>
                                </MetricIDs>
                            </Custom>
                            <Custom>
                                <Widths>
                                    <Width>6</Width>
                                </Widths>
                                <Height>60</Height>
                                <VisualizationType>SingleValue</VisualizationType>
                                <Title>Diagnostic Warnings</Title>
                                <MetricIDs>
                                    <MetricID>mathworks.metrics.DiagnosticWarningsCount</MetricID>
                                </MetricIDs>
                            </Custom>
                        </Widgets>
                    </Container>
                </Widgets>
                <Title>MODELING GUIDELINE COMPLIANCE</Title>
            </Group>
            <Group>
                <Widths>
                    <Width>8</Width>
                    <Width>8</Width>
                    <Width>7</Width>
                    <Width>12</Width>
                </Widths>
                <Widgets>
                    <LibraryReuse>
                        <Widths>
                            <Width>12</Width>
                        </Widths>
                        <Separators>
                            <Separator>0010</Separator>
                        </Separators>
                    </LibraryReuse>
                    <Container>
                        <Widths>
                            <Width>12</Width>
                        </Widths>
                        <Margin>25px</Margin>
                        <Widgets>
                            <Custom>
                                <Widths>
                                    <Width>12</Width>
                                </Widths>
                                <VisualizationType>DistributionHeatmap</VisualizationType>
                                <Title>Model Complexity</Title>
                                <MetricIDs>
                                    <MetricID>mathworks.metrics.CyclomaticComplexity</MetricID>
                                </MetricIDs>
                            </Custom>
                            <Custom>
                                <Widths>
                                    <Width>12</Width>
                                </Widths>
                                <VisualizationType>DistributionHeatmap</VisualizationType>
                                <Title>Blocks</Title>
                                <MetricIDs>
                                    <MetricID>mathworks.metrics.SimulinkBlockCount</MetricID>
                                </MetricIDs>
                            </Custom>
                            <Custom>
                                <Widths>
                                    <Width>12</Width>
                                </Widths>
                                <VisualizationType>DistributionHeatmap</VisualizationType>
                                <Title>Stateflow LOC</Title>
                                <MetricIDs>
                                    <MetricID>mathworks.metrics.StateflowLOCCount</MetricID>
                                </MetricIDs>
                            </Custom>
                            <Custom>
                                <Widths>
                                    <Width>12</Width>
                                </Widths>
                                <VisualizationType>DistributionHeatmap</VisualizationType>
                                <Title>MATLAB LOC</Title>
                                <MetricIDs>
                                    <MetricID>mathworks.metrics.MatlabLOCCount</MetricID>
                                </MetricIDs>
                            </Custom>
                        </Widgets>
                    </Container>
                </Widgets>
                <Title>ARCHITECTURE</Title>
            </Group>
        </DashboardLayout>
    </Modules>
</MetricDashboardConfiguration>
