<?xml version="1.0" encoding="utf-8"?>
<!--Do not edit. This file has been auto generated. Please use APIs to modify customizations.-->
<MetricConfiguration>
    <Version>1.0</Version>
    <Name>Default Configuration</Name>
    <Modules>
        <ThresholdConfigurations>
            <ThresholdConfiguration>
                <ID>main</ID>
                <Name>main</Name>
                <Thresholds>
                    <Threshold>
                        <ID>cfa5ed24-e26c-4fd1-b813-3e4b1c40003d</ID>
                        <MetricID>mathworks.metrics.CloneContent</MetricID>
                        <AppliesTo>Value</AppliesTo>
                        <Classifications>
                            <Classification>
                                <ID>496c7494-b9d3-49a0-9f98-c0432869e62a</ID>
                                <Category>Compliant</Category>
                                <Range>
                                    <Start>-inf</Start>
                                    <End>0</End>
                                    <IncludeStart>false</IncludeStart>
                                    <IncludeEnd>true</IncludeEnd>
                                </Range>
                            </Classification>
                            <Classification>
                                <ID>309edd9e-207b-437a-a108-730cf55934cc</ID>
                                <Category>Warning</Category>
                                <Range>
                                    <Start>0</Start>
                                    <End>inf</End>
                                    <IncludeStart>false</IncludeStart>
                                    <IncludeEnd>false</IncludeEnd>
                                </Range>
                            </Classification>
                        </Classifications>
                    </Threshold>
                    <Threshold>
                        <ID>7dc99c17-aff4-4dc1-a922-fad05674d494</ID>
                        <MetricID>mathworks.metrics.CyclomaticComplexity</MetricID>
                        <AppliesTo>Value</AppliesTo>
                        <Classifications>
                            <Classification>
                                <ID>dbf3d7dd-af0e-4563-90b2-9ecf782cd943</ID>
                                <Category>Compliant</Category>
                                <Range>
                                    <Start>-inf</Start>
                                    <End>30</End>
                                    <IncludeStart>false</IncludeStart>
                                    <IncludeEnd>true</IncludeEnd>
                                </Range>
                            </Classification>
                            <Classification>
                                <ID>1ef07485-553c-4d34-b9e2-8e593e87675a</ID>
                                <Category>Warning</Category>
                                <Range>
                                    <Start>30</Start>
                                    <End>inf</End>
                                    <IncludeStart>false</IncludeStart>
                                    <IncludeEnd>false</IncludeEnd>
                                </Range>
                            </Classification>
                        </Classifications>
                    </Threshold>
                    <Threshold>
                        <ID>15b492cb-1a93-46be-b298-c71ec974734d</ID>
                        <MetricID>mathworks.metrics.DiagnosticWarningsCount</MetricID>
                        <AppliesTo>AggregatedValue</AppliesTo>
                        <Classifications>
                            <Classification>
                                <ID>debd7293-4eb5-46c0-8860-cbb77a984d12</ID>
                                <Category>Compliant</Category>
                                <Range>
                                    <Start>-inf</Start>
                                    <End>0</End>
                                    <IncludeStart>false</IncludeStart>
                                    <IncludeEnd>true</IncludeEnd>
                                </Range>
                            </Classification>
                            <Classification>
                                <ID>95d1e05a-2714-4772-bbd9-8ad540379b0d</ID>
                                <Category>Warning</Category>
                                <Range>
                                    <Start>0</Start>
                                    <End>inf</End>
                                    <IncludeStart>false</IncludeStart>
                                    <IncludeEnd>false</IncludeEnd>
                                </Range>
                            </Classification>
                        </Classifications>
                    </Threshold>
                    <Threshold>
                        <ID>1355682b-5c30-4e9f-8173-0f2c4f281237</ID>
                        <MetricID>mathworks.metrics.DiagnosticWarningsCount</MetricID>
                        <AppliesTo>Value</AppliesTo>
                        <Classifications>
                            <Classification>
                                <ID>24f98142-d8cc-423e-9ff6-9cb22aafd5ac</ID>
                                <Category>Compliant</Category>
                                <Range>
                                    <Start>-inf</Start>
                                    <End>0</End>
                                    <IncludeStart>false</IncludeStart>
                                    <IncludeEnd>true</IncludeEnd>
                                </Range>
                            </Classification>
                            <Classification>
                                <ID>38cd6d25-942a-4ba3-80c4-6725d7d6e687</ID>
                                <Category>Warning</Category>
                                <Range>
                                    <Start>0</Start>
                                    <End>inf</End>
                                    <IncludeStart>false</IncludeStart>
                                    <IncludeEnd>false</IncludeEnd>
                                </Range>
                            </Classification>
                        </Classifications>
                    </Threshold>
                    <Threshold>
                        <ID>1609425a-693f-42a0-975c-7191146e9dd9</ID>
                        <MetricID>mathworks.metrics.MatlabCodeAnalyzerWarnings</MetricID>
                        <AppliesTo>AggregatedValue</AppliesTo>
                        <Classifications>
                            <Classification>
                                <ID>de7a47ac-24da-4fc7-b0e8-a86481053790</ID>
                                <Category>Compliant</Category>
                                <Range>
                                    <Start>-inf</Start>
                                    <End>0</End>
                                    <IncludeStart>false</IncludeStart>
                                    <IncludeEnd>true</IncludeEnd>
                                </Range>
                            </Classification>
                            <Classification>
                                <ID>a1e76982-8160-4a4e-b2c1-88f9dea4fb84</ID>
                                <Category>Warning</Category>
                                <Range>
                                    <Start>0</Start>
                                    <End>inf</End>
                                    <IncludeStart>false</IncludeStart>
                                    <IncludeEnd>false</IncludeEnd>
                                </Range>
                            </Classification>
                        </Classifications>
                    </Threshold>
                    <Threshold>
                        <ID>803fda0b-e4d7-4fe5-a71f-637ffceb8f09</ID>
                        <MetricID>mathworks.metrics.MatlabCodeAnalyzerWarnings</MetricID>
                        <AppliesTo>Value</AppliesTo>
                        <Classifications>
                            <Classification>
                                <ID>d23ed395-07c1-411e-8b71-9711ec7389fc</ID>
                                <Category>Compliant</Category>
                                <Range>
                                    <Start>-inf</Start>
                                    <End>0</End>
                                    <IncludeStart>false</IncludeStart>
                                    <IncludeEnd>true</IncludeEnd>
                                </Range>
                            </Classification>
                            <Classification>
                                <ID>e9ada756-a077-410e-a27d-ced5954e5b3e</ID>
                                <Category>Warning</Category>
                                <Range>
                                    <Start>0</Start>
                                    <End>inf</End>
                                    <IncludeStart>false</IncludeStart>
                                    <IncludeEnd>false</IncludeEnd>
                                </Range>
                            </Classification>
                        </Classifications>
                    </Threshold>
                    <Threshold>
                        <ID>a0e95222-3371-4d6d-ac88-85bc34376b6e</ID>
                        <MetricID>mathworks.metrics.ModelAdvisorCheckCompliance.hisl_do178</MetricID>
                        <AppliesTo>AggregatedValue</AppliesTo>
                        <Classifications>
                            <Classification>
                                <ID>bbeb277a-6b3e-4a2d-87da-75ae43b161fb</ID>
                                <Category>Warning</Category>
                                <Range>
                                    <Start>-inf</Start>
                                    <End>1</End>
                                    <IncludeStart>false</IncludeStart>
                                    <IncludeEnd>false</IncludeEnd>
                                </Range>
                            </Classification>
                            <Classification>
                                <ID>f7d4fb9f-b20e-4c05-a39f-cf2ada191244</ID>
                                <Category>Compliant</Category>
                                <Range>
                                    <Start>1</Start>
                                    <End>inf</End>
                                    <IncludeStart>true</IncludeStart>
                                    <IncludeEnd>false</IncludeEnd>
                                </Range>
                            </Classification>
                        </Classifications>
                    </Threshold>
                    <Threshold>
                        <ID>ca558377-c1bc-46c6-ab20-f0f974a785de</ID>
                        <MetricID>mathworks.metrics.ModelAdvisorCheckCompliance.hisl_do178</MetricID>
                        <AppliesTo>Value</AppliesTo>
                        <Classifications>
                            <Classification>
                                <ID>6e68d8f5-4a48-4da9-ba1f-9b64db0bbae3</ID>
                                <Category>Warning</Category>
                                <Range>
                                    <Start>-inf</Start>
                                    <End>1</End>
                                    <IncludeStart>false</IncludeStart>
                                    <IncludeEnd>false</IncludeEnd>
                                </Range>
                            </Classification>
                            <Classification>
                                <ID>dea6378f-1cb5-4d43-a516-798af4064007</ID>
                                <Category>Compliant</Category>
                                <Range>
                                    <Start>1</Start>
                                    <End>inf</End>
                                    <IncludeStart>true</IncludeStart>
                                    <IncludeEnd>false</IncludeEnd>
                                </Range>
                            </Classification>
                        </Classifications>
                    </Threshold>
                    <Threshold>
                        <ID>3db4892b-d263-4f3b-8d7a-17fbbea1e13c</ID>
                        <MetricID>mathworks.metrics.ModelAdvisorCheckCompliance.maab</MetricID>
                        <AppliesTo>AggregatedValue</AppliesTo>
                        <Classifications>
                            <Classification>
                                <ID>c2454175-2a01-463a-be69-0cb3d9fdb100</ID>
                                <Category>Warning</Category>
                                <Range>
                                    <Start>-inf</Start>
                                    <End>1</End>
                                    <IncludeStart>false</IncludeStart>
                                    <IncludeEnd>false</IncludeEnd>
                                </Range>
                            </Classification>
                            <Classification>
                                <ID>4e4ee695-3a30-4c70-a268-f2908318eca8</ID>
                                <Category>Compliant</Category>
                                <Range>
                                    <Start>1</Start>
                                    <End>inf</End>
                                    <IncludeStart>true</IncludeStart>
                                    <IncludeEnd>false</IncludeEnd>
                                </Range>
                            </Classification>
                        </Classifications>
                    </Threshold>
                    <Threshold>
                        <ID>442fe9eb-208d-4f2c-9c6e-21aaa0d1346e</ID>
                        <MetricID>mathworks.metrics.ModelAdvisorCheckCompliance.maab</MetricID>
                        <AppliesTo>Value</AppliesTo>
                        <Classifications>
                            <Classification>
                                <ID>3f20f2fc-2bcf-4f52-b706-ee500228db53</ID>
                                <Category>Warning</Category>
                                <Range>
                                    <Start>-inf</Start>
                                    <End>1</End>
                                    <IncludeStart>false</IncludeStart>
                                    <IncludeEnd>false</IncludeEnd>
                                </Range>
                            </Classification>
                            <Classification>
                                <ID>55f18810-ff62-48d8-ad63-b4e421411eb6</ID>
                                <Category>Compliant</Category>
                                <Range>
                                    <Start>1</Start>
                                    <End>inf</End>
                                    <IncludeStart>true</IncludeStart>
                                    <IncludeEnd>false</IncludeEnd>
                                </Range>
                            </Classification>
                        </Classifications>
                    </Threshold>
                    <Threshold>
                        <ID>76da3fdb-1533-44c6-9d81-28ba853f439f</ID>
                        <MetricID>mathworks.metrics.ModelAdvisorCheckIssues.hisl_do178</MetricID>
                        <AppliesTo>AggregatedValue</AppliesTo>
                        <Classifications>
                            <Classification>
                                <ID>1df7aff6-a2a4-4b98-8ecd-c769187ac3a3</ID>
                                <Category>Compliant</Category>
                                <Range>
                                    <Start>-inf</Start>
                                    <End>0</End>
                                    <IncludeStart>false</IncludeStart>
                                    <IncludeEnd>true</IncludeEnd>
                                </Range>
                            </Classification>
                            <Classification>
                                <ID>d44f0753-9e36-48ea-abfe-e7a74c1994e5</ID>
                                <Category>Warning</Category>
                                <Range>
                                    <Start>0</Start>
                                    <End>inf</End>
                                    <IncludeStart>false</IncludeStart>
                                    <IncludeEnd>false</IncludeEnd>
                                </Range>
                            </Classification>
                        </Classifications>
                    </Threshold>
                    <Threshold>
                        <ID>53cd40eb-12cc-4485-93e9-b5fb11f7876b</ID>
                        <MetricID>mathworks.metrics.ModelAdvisorCheckIssues.hisl_do178</MetricID>
                        <AppliesTo>Value</AppliesTo>
                        <Classifications>
                            <Classification>
                                <ID>bd199e79-5935-4239-8c85-71460d38bfbf</ID>
                                <Category>Compliant</Category>
                                <Range>
                                    <Start>-inf</Start>
                                    <End>0</End>
                                    <IncludeStart>false</IncludeStart>
                                    <IncludeEnd>true</IncludeEnd>
                                </Range>
                            </Classification>
                            <Classification>
                                <ID>dbe29de2-c534-4398-a3d0-6fd9b41f9622</ID>
                                <Category>Warning</Category>
                                <Range>
                                    <Start>0</Start>
                                    <End>inf</End>
                                    <IncludeStart>false</IncludeStart>
                                    <IncludeEnd>false</IncludeEnd>
                                </Range>
                            </Classification>
                        </Classifications>
                    </Threshold>
                    <Threshold>
                        <ID>e7d1ba4f-adf7-4c4a-9714-3541b4f81e02</ID>
                        <MetricID>mathworks.metrics.ModelAdvisorCheckIssues.maab</MetricID>
                        <AppliesTo>AggregatedValue</AppliesTo>
                        <Classifications>
                            <Classification>
                                <ID>5454283c-4e1c-4253-8659-ea4b87664915</ID>
                                <Category>Compliant</Category>
                                <Range>
                                    <Start>-inf</Start>
                                    <End>0</End>
                                    <IncludeStart>false</IncludeStart>
                                    <IncludeEnd>true</IncludeEnd>
                                </Range>
                            </Classification>
                            <Classification>
                                <ID>de824973-b06a-43c1-89e8-f30ea5c75217</ID>
                                <Category>Warning</Category>
                                <Range>
                                    <Start>0</Start>
                                    <End>inf</End>
                                    <IncludeStart>false</IncludeStart>
                                    <IncludeEnd>false</IncludeEnd>
                                </Range>
                            </Classification>
                        </Classifications>
                    </Threshold>
                    <Threshold>
                        <ID>0694978d-dfcd-4648-baca-235241c84a37</ID>
                        <MetricID>mathworks.metrics.ModelAdvisorCheckIssues.maab</MetricID>
                        <AppliesTo>Value</AppliesTo>
                        <Classifications>
                            <Classification>
                                <ID>4a87bec1-5bee-45bd-b46c-6602ea14cc4e</ID>
                                <Category>Compliant</Category>
                                <Range>
                                    <Start>-inf</Start>
                                    <End>0</End>
                                    <IncludeStart>false</IncludeStart>
                                    <IncludeEnd>true</IncludeEnd>
                                </Range>
                            </Classification>
                            <Classification>
                                <ID>fffcffeb-2e46-4044-8fc6-70d673c585f7</ID>
                                <Category>Warning</Category>
                                <Range>
                                    <Start>0</Start>
                                    <End>inf</End>
                                    <IncludeStart>false</IncludeStart>
                                    <IncludeEnd>false</IncludeEnd>
                                </Range>
                            </Classification>
                        </Classifications>
                    </Threshold>
                </Thresholds>
            </ThresholdConfiguration>
        </ThresholdConfigurations>
        <Parameterization>
            <MetricFamilyParameterizations>
                <MetricFamilyParameterization>
                    <FamilyParameterID>ModelAdvisorStandard</FamilyParameterID>
                    <Values>
                        <Value>_SYSTEM_By Task_misra_c</Value>
                        <Value>hisl_do178</Value>
                        <Value>maab</Value>
                    </Values>
                </MetricFamilyParameterization>
            </MetricFamilyParameterizations>
        </Parameterization>
    </Modules>
</MetricConfiguration>
