<?xml version="1.0" encoding="UTF-8"?>
<MF0 version="1.1" packageUris="http://schema.mathworks.com/mf0/ci/19700101 http://schema.mathworks.com/mf0/sl_modelref_info/R2023a http://schema.mathworks.com/mf0/slexec_mm_sto/R2023a_202208151321 http://schema.mathworks.com/mf0/sltp_mm/R2023a_202209151115">
  <ModelRefInfoRepo.ModelRefInfoRoot type="ModelRefInfoRepo.ModelRefInfoRoot" uuid="0fecad3d-b7a0-4bdc-9bea-389f3ad95d27">
    <JITEngines>s1u1EUxaK1omdIhawlOVY8</JITEngines>
    <JITEngines>sEOnn7Pw4TGD3x074d85Js</JITEngines>
    <JITEngines>sIcgamDc0qJiy0LKP1e8B3D</JITEngines>
    <JITEngines>sMsfuk7pOZwg7KkixxbmMGH</JITEngines>
    <JITEngines>sO6uiDeUz880CHkWpQHydgG</JITEngines>
    <JITEngines>sW4SC4e2ylyEr9bTbh2mAtC</JITEngines>
    <JITEngines>sY431f3t6PTUwDUVzizWQID</JITEngines>
    <JITEngines>seky7xQxiMBo69jEM4jpJS</JITEngines>
    <JITEngines>shLuwFT1WuBXOK6cHcnrHSE</JITEngines>
    <calibrationData type="ModelRefInfoRepo.CalibrationData" uuid="dc75dd4f-56c8-457f-8ed2-888a2f1aed5e">
      <InternalData>[{&quot;Name&quot;:&quot;&quot;,&quot;Profile&quot;:&quot;&quot;},{&quot;Name&quot;:&quot;&quot;,&quot;Profile&quot;:&quot;&quot;},{&quot;Name&quot;:&quot;&quot;,&quot;Profile&quot;:&quot;&quot;},{&quot;Name&quot;:&quot;&quot;,&quot;Profile&quot;:&quot;&quot;},{&quot;Name&quot;:&quot;&quot;,&quot;Profile&quot;:&quot;&quot;},{&quot;Name&quot;:&quot;&quot;,&quot;Profile&quot;:&quot;&quot;},{&quot;Name&quot;:&quot;&quot;,&quot;Profile&quot;:&quot;&quot;},{&quot;Name&quot;:&quot;&quot;,&quot;Profile&quot;:&quot;&quot;},{&quot;Name&quot;:&quot;&quot;,&quot;Profile&quot;:&quot;&quot;},{&quot;Name&quot;:&quot;&quot;,&quot;Profile&quot;:&quot;&quot;},{&quot;Name&quot;:&quot;&quot;,&quot;Profile&quot;:&quot;&quot;},{&quot;Name&quot;:&quot;&quot;,&quot;Profile&quot;:&quot;&quot;},{&quot;Name&quot;:&quot;&quot;,&quot;Profile&quot;:&quot;&quot;},{&quot;Name&quot;:&quot;&quot;,&quot;Profile&quot;:&quot;&quot;},{&quot;Name&quot;:&quot;&quot;,&quot;Profile&quot;:&quot;&quot;},{&quot;Name&quot;:&quot;&quot;,&quot;Profile&quot;:&quot;&quot;},{&quot;Name&quot;:&quot;&quot;,&quot;Profile&quot;:&quot;&quot;},{&quot;Name&quot;:&quot;&quot;,&quot;Profile&quot;:&quot;&quot;},{&quot;Name&quot;:&quot;&quot;,&quot;Profile&quot;:&quot;&quot;},{&quot;Name&quot;:&quot;&quot;,&quot;Profile&quot;:&quot;&quot;},{&quot;Name&quot;:&quot;&quot;,&quot;Profile&quot;:&quot;&quot;},{&quot;Name&quot;:&quot;&quot;,&quot;Profile&quot;:&quot;&quot;},{&quot;Name&quot;:&quot;&quot;,&quot;Profile&quot;:&quot;&quot;},{&quot;Name&quot;:&quot;&quot;,&quot;Profile&quot;:&quot;&quot;},{&quot;Name&quot;:&quot;&quot;,&quot;Profile&quot;:&quot;&quot;},{&quot;Name&quot;:&quot;&quot;,&quot;Profile&quot;:&quot;&quot;}]</InternalData>
      <ModelName>AppMain</ModelName>
      <RootIOData>[{&quot;Name&quot;:&quot;SupVoltage&quot;,&quot;Profile&quot;:&quot;&quot;},{&quot;Name&quot;:&quot;AmbTemperature&quot;,&quot;Profile&quot;:&quot;&quot;},{&quot;Name&quot;:&quot;ChipFault&quot;,&quot;Profile&quot;:&quot;&quot;},{&quot;Name&quot;:&quot;PwmInPinSts&quot;,&quot;Profile&quot;:&quot;&quot;},{&quot;Name&quot;:&quot;SleepValid&quot;,&quot;Profile&quot;:&quot;&quot;},{&quot;Name&quot;:&quot;PwmInFreq&quot;,&quot;Profile&quot;:&quot;&quot;},{&quot;Name&quot;:&quot;PwmInHighDuty&quot;,&quot;Profile&quot;:&quot;&quot;},{&quot;Name&quot;:&quot;PwmInIdleTime&quot;,&quot;Profile&quot;:&quot;&quot;},{&quot;Name&quot;:&quot;IsMotorShort&quot;,&quot;Profile&quot;:&quot;&quot;},{&quot;Name&quot;:&quot;IsMotorLock&quot;,&quot;Profile&quot;:&quot;&quot;},{&quot;Name&quot;:&quot;IsMotorOpenLoad&quot;,&quot;Profile&quot;:&quot;&quot;},{&quot;Name&quot;:&quot;RestartComplete&quot;,&quot;Profile&quot;:&quot;&quot;},{&quot;Name&quot;:&quot;FilteredVoltage&quot;,&quot;Profile&quot;:&quot;&quot;},{&quot;Name&quot;:&quot;IsMotorDryRunning&quot;,&quot;Profile&quot;:&quot;&quot;},{&quot;Name&quot;:&quot;TestModeSpeedCtrlEnable&quot;,&quot;Profile&quot;:&quot;&quot;},{&quot;Name&quot;:&quot;TestModeSpeed&quot;,&quot;Profile&quot;:&quot;&quot;},{&quot;Name&quot;:&quot;MotorRestartEnable&quot;,&quot;Profile&quot;:&quot;&quot;},{&quot;Name&quot;:&quot;ChipSleep&quot;,&quot;Profile&quot;:&quot;&quot;},{&quot;Name&quot;:&quot;ChipReset&quot;,&quot;Profile&quot;:&quot;&quot;},{&quot;Name&quot;:&quot;FeedBackBusStatus&quot;,&quot;Profile&quot;:&quot;&quot;},{&quot;Name&quot;:&quot;TargetSpeedLimited&quot;,&quot;Profile&quot;:&quot;&quot;},{&quot;Name&quot;:&quot;VoltageStatus&quot;,&quot;Profile&quot;:&quot;&quot;},{&quot;Name&quot;:&quot;AmbTStatus&quot;,&quot;Profile&quot;:&quot;&quot;},{&quot;Name&quot;:&quot;ShortCnt&quot;,&quot;Profile&quot;:&quot;&quot;},{&quot;Name&quot;:&quot;OpenCnt&quot;,&quot;Profile&quot;:&quot;&quot;},{&quot;Name&quot;:&quot;LockCnt&quot;,&quot;Profile&quot;:&quot;&quot;},{&quot;Name&quot;:&quot;PwmInError&quot;,&quot;Profile&quot;:&quot;&quot;},{&quot;Name&quot;:&quot;PwmInShortGND&quot;,&quot;Profile&quot;:&quot;&quot;},{&quot;Name&quot;:&quot;PwmInShortBat&quot;,&quot;Profile&quot;:&quot;&quot;},{&quot;Name&quot;:&quot;PwmInTargetSpeed&quot;,&quot;Profile&quot;:&quot;&quot;},{&quot;Name&quot;:&quot;TargetSpeed&quot;,&quot;Profile&quot;:&quot;&quot;}]</RootIOData>
    </calibrationData>
    <childModelRefInfo type="ModelRefInfoRepo.ChildModelRefInfo" uuid="b993e31a-5d9b-4ebd-a36e-8864532b3eab">
      <isSingleInstance>true</isSingleInstance>
      <modelName>AppMain</modelName>
      <modelPath>AppMain</modelPath>
    </childModelRefInfo>
    <dataTransferInfos>AAFJTQAAAAAOAAAAOAAAAAYAAAAIAAAAAgAAAAAAAAAFAAAACAAAAAAAAAABAAAAAQAAAAAAAAAFAAQAAQAAAAEAAAAAAAAA</dataTransferInfos>
    <defaultsCMapping>{&quot;Inports&quot;:&quot;{\&quot;Name\&quot;:\&quot;Default\&quot;,\&quot;Checksum\&quot;:\&quot;Default\&quot;,\&quot;PerInstancePropertiesChecksum\&quot;:\&quot;\&quot;,\&quot;MemorySectionName\&quot;:\&quot;None\&quot;,\&quot;MemorySectionChecksum\&quot;:\&quot;None\&quot;}&quot;,&quot;Outports&quot;:&quot;{\&quot;Name\&quot;:\&quot;Default\&quot;,\&quot;Checksum\&quot;:\&quot;Default\&quot;,\&quot;PerInstancePropertiesChecksum\&quot;:\&quot;\&quot;,\&quot;MemorySectionName\&quot;:\&quot;None\&quot;,\&quot;MemorySectionChecksum\&quot;:\&quot;None\&quot;}&quot;,&quot;ParameterArguments&quot;:&quot;{\&quot;Name\&quot;:\&quot;Default\&quot;,\&quot;Checksum\&quot;:\&quot;Default\&quot;,\&quot;PerInstancePropertiesChecksum\&quot;:\&quot;\&quot;,\&quot;MemorySectionName\&quot;:\&quot;None\&quot;,\&quot;MemorySectionChecksum\&quot;:\&quot;None\&quot;}&quot;,&quot;LocalParameters&quot;:&quot;{\&quot;Name\&quot;:\&quot;Default\&quot;,\&quot;Checksum\&quot;:\&quot;Default\&quot;,\&quot;PerInstancePropertiesChecksum\&quot;:\&quot;\&quot;,\&quot;MemorySectionName\&quot;:\&quot;None\&quot;,\&quot;MemorySectionChecksum\&quot;:\&quot;None\&quot;}&quot;,&quot;GlobalParameters&quot;:&quot;{\&quot;Name\&quot;:\&quot;Default\&quot;,\&quot;Checksum\&quot;:\&quot;Default\&quot;,\&quot;PerInstancePropertiesChecksum\&quot;:\&quot;\&quot;,\&quot;MemorySectionName\&quot;:\&quot;None\&quot;,\&quot;MemorySectionChecksum\&quot;:\&quot;None\&quot;}&quot;,&quot;InternalData&quot;:&quot;{\&quot;Name\&quot;:\&quot;Default\&quot;,\&quot;Checksum\&quot;:\&quot;Default\&quot;,\&quot;PerInstancePropertiesChecksum\&quot;:\&quot;\&quot;,\&quot;MemorySectionName\&quot;:\&quot;None\&quot;,\&quot;MemorySectionChecksum\&quot;:\&quot;None\&quot;}&quot;,&quot;SharedLocalDataStores&quot;:&quot;{\&quot;Name\&quot;:\&quot;Default\&quot;,\&quot;Checksum\&quot;:\&quot;Default\&quot;,\&quot;PerInstancePropertiesChecksum\&quot;:\&quot;\&quot;,\&quot;MemorySectionName\&quot;:\&quot;None\&quot;,\&quot;MemorySectionChecksum\&quot;:\&quot;None\&quot;}&quot;,&quot;GlobalDataStores&quot;:&quot;{\&quot;Name\&quot;:\&quot;Default\&quot;,\&quot;Checksum\&quot;:\&quot;Default\&quot;,\&quot;PerInstancePropertiesChecksum\&quot;:\&quot;\&quot;,\&quot;MemorySectionName\&quot;:\&quot;None\&quot;,\&quot;MemorySectionChecksum\&quot;:\&quot;None\&quot;}&quot;,&quot;Constants&quot;:&quot;{\&quot;Name\&quot;:\&quot;Default\&quot;,\&quot;Checksum\&quot;:\&quot;Default\&quot;,\&quot;PerInstancePropertiesChecksum\&quot;:\&quot;\&quot;,\&quot;MemorySectionName\&quot;:\&quot;None\&quot;,\&quot;MemorySectionChecksum\&quot;:\&quot;None\&quot;}&quot;,&quot;DataTransfers&quot;:&quot;{\&quot;Name\&quot;:\&quot;Default\&quot;,\&quot;Checksum\&quot;:\&quot;Default\&quot;,\&quot;PerInstancePropertiesChecksum\&quot;:\&quot;\&quot;,\&quot;MemorySectionName\&quot;:\&quot;None\&quot;,\&quot;MemorySectionChecksum\&quot;:\&quot;None\&quot;}&quot;,&quot;ModelData&quot;:&quot;{\&quot;Name\&quot;:\&quot;Default\&quot;,\&quot;Checksum\&quot;:\&quot;Default\&quot;,\&quot;PerInstancePropertiesChecksum\&quot;:\&quot;\&quot;,\&quot;MemorySectionName\&quot;:\&quot;None\&quot;,\&quot;MemorySectionChecksum\&quot;:\&quot;None\&quot;}&quot;,&quot;InitializeTerminate&quot;:&quot;{\&quot;Name\&quot;:\&quot;Default\&quot;,\&quot;Checksum\&quot;:\&quot;Default\&quot;,\&quot;PerInstancePropertiesChecksum\&quot;:\&quot;\&quot;,\&quot;MemorySectionName\&quot;:\&quot;None\&quot;,\&quot;MemorySectionChecksum\&quot;:\&quot;None\&quot;}&quot;,&quot;Execution&quot;:&quot;{\&quot;Name\&quot;:\&quot;Default\&quot;,\&quot;Checksum\&quot;:\&quot;Default\&quot;,\&quot;PerInstancePropertiesChecksum\&quot;:\&quot;\&quot;,\&quot;MemorySectionName\&quot;:\&quot;None\&quot;,\&quot;MemorySectionChecksum\&quot;:\&quot;None\&quot;}&quot;,&quot;SharedUtility&quot;:&quot;{\&quot;Name\&quot;:\&quot;Default\&quot;,\&quot;Checksum\&quot;:\&quot;Default\&quot;,\&quot;PerInstancePropertiesChecksum\&quot;:\&quot;\&quot;,\&quot;MemorySectionName\&quot;:\&quot;None\&quot;,\&quot;MemorySectionChecksum\&quot;:\&quot;None\&quot;}&quot;}</defaultsCMapping>
    <fastestNoncontSigFeedingDerivPorts>-1.0</fastestNoncontSigFeedingDerivPorts>
    <fundamentalSampleTimePeriod>.005</fundamentalSampleTimePeriod>
    <globalVariables>CtrlConst</globalVariables>
    <globalVariables>MotorFaultCnt_t</globalVariables>
    <globalVariables>PwmInStatus_t</globalVariables>
    <globalVariables>TaskTimeBase</globalVariables>
    <hasBlockWithPeriodicDiscreteSampleTime>true</hasBlockWithPeriodicDiscreteSampleTime>
    <hasBwsAccessed>true</hasBwsAccessed>
    <hasBwsAccessedByAnyModel>true</hasBwsAccessedByAnyModel>
    <hasNonVirtualConstantTs>true</hasNonVirtualConstantTs>
    <hasStatesModifiedInOutputUpdate>true</hasStatesModifiedInOutputUpdate>
    <inports type="ModelRefInfoRepo.InportInformation" uuid="ac5d9657-43fa-44ec-9412-da5bde894f7e">
      <isNotDerivPort>true</isNotDerivPort>
      <designMax>inf</designMax>
      <designMin>-inf</designMin>
      <indexType>2</indexType>
      <rateInfos type="ModelRefInfoRepo.RateInfo">
        <compiled>true</compiled>
        <nonFcnCallPartitionName>D1</nonFcnCallPartitionName>
        <period>.005</period>
        <priority>40</priority>
        <rateIdx>0</rateIdx>
      </rateInfos>
      <resolvedSignalObject></resolvedSignalObject>
      <executionInterface type="ModelRefInfoRepo.InputExecutionInterface" uuid="5a1bfa7c-881e-4679-8c85-5b2bcdaadbad"/>
      <sigNameToEMVCEMap type="ModelRefInfoRepo.SigNameEMVCEInfo" uuid="9aa8709f-64e1-4b7f-8334-ccf65c075492"/>
    </inports>
    <inports type="ModelRefInfoRepo.InportInformation" uuid="e5ad8d90-ac24-4c8f-949a-fc911d0de537">
      <isNotDerivPort>true</isNotDerivPort>
      <designMax>inf</designMax>
      <designMin>-inf</designMin>
      <indexType>2</indexType>
      <originalPortNumber>1</originalPortNumber>
      <rateInfos type="ModelRefInfoRepo.RateInfo">
        <compiled>true</compiled>
        <nonFcnCallPartitionName>D1</nonFcnCallPartitionName>
        <period>.005</period>
        <priority>40</priority>
        <rateIdx>0</rateIdx>
      </rateInfos>
      <resolvedSignalObject></resolvedSignalObject>
      <executionInterface type="ModelRefInfoRepo.InputExecutionInterface" uuid="4883462a-86af-4e21-b923-31e1dd29e6df"/>
      <sigNameToEMVCEMap type="ModelRefInfoRepo.SigNameEMVCEInfo" uuid="76a06850-c03c-40f7-b123-875e3b41526d"/>
    </inports>
    <inports type="ModelRefInfoRepo.InportInformation" uuid="bad0163f-4083-4437-a317-4d2f026f333e">
      <isNotDerivPort>true</isNotDerivPort>
      <designMax>inf</designMax>
      <designMin>-inf</designMin>
      <indexType>2</indexType>
      <originalPortNumber>2</originalPortNumber>
      <rateInfos type="ModelRefInfoRepo.RateInfo">
        <compiled>true</compiled>
        <nonFcnCallPartitionName>D1</nonFcnCallPartitionName>
        <period>.005</period>
        <priority>40</priority>
        <rateIdx>0</rateIdx>
      </rateInfos>
      <resolvedSignalObject></resolvedSignalObject>
      <executionInterface type="ModelRefInfoRepo.InputExecutionInterface" uuid="cc40bee0-5367-449e-8f70-a19920a83d08"/>
      <sigNameToEMVCEMap type="ModelRefInfoRepo.SigNameEMVCEInfo" uuid="76473a69-19e9-44fa-803f-2a987f42144b"/>
    </inports>
    <inports type="ModelRefInfoRepo.InportInformation" uuid="fd2e853e-29a8-4a89-bc7f-d9ec79a21dee">
      <isNotDerivPort>true</isNotDerivPort>
      <designMax>inf</designMax>
      <designMin>-inf</designMin>
      <indexType>2</indexType>
      <originalPortNumber>3</originalPortNumber>
      <rateInfos type="ModelRefInfoRepo.RateInfo">
        <compiled>true</compiled>
        <nonFcnCallPartitionName>D1</nonFcnCallPartitionName>
        <period>.005</period>
        <priority>40</priority>
        <rateIdx>0</rateIdx>
      </rateInfos>
      <resolvedSignalObject></resolvedSignalObject>
      <executionInterface type="ModelRefInfoRepo.InputExecutionInterface" uuid="bfe668e0-3652-4914-b1e1-4660c8efd3d8"/>
      <sigNameToEMVCEMap type="ModelRefInfoRepo.SigNameEMVCEInfo" uuid="ae35c2a5-ed6c-426d-9d43-388ab4614a93"/>
    </inports>
    <inports type="ModelRefInfoRepo.InportInformation" uuid="0baafcb6-dfae-4f91-9598-cd6c679c6b26">
      <isNotDerivPort>true</isNotDerivPort>
      <RTWSignalIdentifier>SleepValid</RTWSignalIdentifier>
      <designMax>inf</designMax>
      <designMin>-inf</designMin>
      <indexType>2</indexType>
      <originalPortNumber>4</originalPortNumber>
      <rateInfos type="ModelRefInfoRepo.RateInfo">
        <compiled>true</compiled>
        <nonFcnCallPartitionName>D1</nonFcnCallPartitionName>
        <period>.005</period>
        <priority>40</priority>
        <rateIdx>0</rateIdx>
      </rateInfos>
      <resolvedSignalObject></resolvedSignalObject>
      <executionInterface type="ModelRefInfoRepo.InputExecutionInterface" uuid="c82e7153-93b7-442f-bb47-d2d24cbcabad"/>
      <sigNameToEMVCEMap type="ModelRefInfoRepo.SigNameEMVCEInfo" uuid="75cbec63-0ef4-4df6-8a7c-6ddc9e215423"/>
    </inports>
    <inports type="ModelRefInfoRepo.InportInformation" uuid="f73bd503-ad08-4695-ac43-066f17285704">
      <isNotDerivPort>true</isNotDerivPort>
      <designMax>inf</designMax>
      <designMin>-inf</designMin>
      <indexType>2</indexType>
      <originalPortNumber>5</originalPortNumber>
      <rateInfos type="ModelRefInfoRepo.RateInfo">
        <compiled>true</compiled>
        <nonFcnCallPartitionName>D1</nonFcnCallPartitionName>
        <period>.005</period>
        <priority>40</priority>
        <rateIdx>0</rateIdx>
      </rateInfos>
      <resolvedSignalObject></resolvedSignalObject>
      <executionInterface type="ModelRefInfoRepo.InputExecutionInterface" uuid="def2355a-bef4-415c-aea5-60c776a522c9"/>
      <sigNameToEMVCEMap type="ModelRefInfoRepo.SigNameEMVCEInfo" uuid="4bf79f2d-a84e-4a1c-b182-c03bcacde371"/>
    </inports>
    <inports type="ModelRefInfoRepo.InportInformation" uuid="d6ceccfc-0bb3-4466-a567-fa69e13d5aeb">
      <isNotDerivPort>true</isNotDerivPort>
      <designMax>inf</designMax>
      <designMin>-inf</designMin>
      <indexType>2</indexType>
      <originalPortNumber>6</originalPortNumber>
      <rateInfos type="ModelRefInfoRepo.RateInfo">
        <compiled>true</compiled>
        <nonFcnCallPartitionName>D1</nonFcnCallPartitionName>
        <period>.005</period>
        <priority>40</priority>
        <rateIdx>0</rateIdx>
      </rateInfos>
      <resolvedSignalObject></resolvedSignalObject>
      <executionInterface type="ModelRefInfoRepo.InputExecutionInterface" uuid="565b397c-a1cc-43ce-9894-d5ad3a691c79"/>
      <sigNameToEMVCEMap type="ModelRefInfoRepo.SigNameEMVCEInfo" uuid="d3280c46-01b6-4b70-9315-e75e6be3a889"/>
    </inports>
    <inports type="ModelRefInfoRepo.InportInformation" uuid="eaf7a309-e763-4d84-9c9c-f0a308ab8d3f">
      <isNotDerivPort>true</isNotDerivPort>
      <designMax>inf</designMax>
      <designMin>-inf</designMin>
      <indexType>2</indexType>
      <originalPortNumber>7</originalPortNumber>
      <rateInfos type="ModelRefInfoRepo.RateInfo">
        <compiled>true</compiled>
        <nonFcnCallPartitionName>D1</nonFcnCallPartitionName>
        <period>.005</period>
        <priority>40</priority>
        <rateIdx>0</rateIdx>
      </rateInfos>
      <resolvedSignalObject></resolvedSignalObject>
      <executionInterface type="ModelRefInfoRepo.InputExecutionInterface" uuid="8907c2ae-73e1-4ac8-ba4e-da99808b90e7"/>
      <sigNameToEMVCEMap type="ModelRefInfoRepo.SigNameEMVCEInfo" uuid="6b12c699-c98d-4a48-8ec4-6a03893d1933"/>
    </inports>
    <inports type="ModelRefInfoRepo.InportInformation" uuid="dacd49b1-1098-446a-965e-c18d7e51f711">
      <isNotDerivPort>true</isNotDerivPort>
      <designMax>inf</designMax>
      <designMin>-inf</designMin>
      <indexType>2</indexType>
      <originalPortNumber>8</originalPortNumber>
      <rateInfos type="ModelRefInfoRepo.RateInfo">
        <compiled>true</compiled>
        <nonFcnCallPartitionName>D1</nonFcnCallPartitionName>
        <period>.005</period>
        <priority>40</priority>
        <rateIdx>0</rateIdx>
      </rateInfos>
      <resolvedSignalObject></resolvedSignalObject>
      <executionInterface type="ModelRefInfoRepo.InputExecutionInterface" uuid="98d6c437-a060-4894-8b71-77913190f719"/>
      <sigNameToEMVCEMap type="ModelRefInfoRepo.SigNameEMVCEInfo" uuid="7c897d45-573e-4fdd-90cf-7d8e6fadcbda"/>
    </inports>
    <inports type="ModelRefInfoRepo.InportInformation" uuid="43d02edf-10b1-4537-80ec-2bc99e1792ab">
      <isNotDerivPort>true</isNotDerivPort>
      <designMax>inf</designMax>
      <designMin>-inf</designMin>
      <indexType>2</indexType>
      <originalPortNumber>9</originalPortNumber>
      <rateInfos type="ModelRefInfoRepo.RateInfo">
        <compiled>true</compiled>
        <nonFcnCallPartitionName>D1</nonFcnCallPartitionName>
        <period>.005</period>
        <priority>40</priority>
        <rateIdx>0</rateIdx>
      </rateInfos>
      <resolvedSignalObject></resolvedSignalObject>
      <executionInterface type="ModelRefInfoRepo.InputExecutionInterface" uuid="9cac93f7-ea55-4407-8503-4a286e28d3a0"/>
      <sigNameToEMVCEMap type="ModelRefInfoRepo.SigNameEMVCEInfo" uuid="eb805445-bc88-436f-901f-bcd25fccf864"/>
    </inports>
    <inports type="ModelRefInfoRepo.InportInformation" uuid="11df35f2-f595-4b14-be92-df5781a7051e">
      <isNotDerivPort>true</isNotDerivPort>
      <designMax>inf</designMax>
      <designMin>-inf</designMin>
      <indexType>2</indexType>
      <originalPortNumber>10</originalPortNumber>
      <rateInfos type="ModelRefInfoRepo.RateInfo">
        <compiled>true</compiled>
        <nonFcnCallPartitionName>D1</nonFcnCallPartitionName>
        <period>.005</period>
        <priority>40</priority>
        <rateIdx>0</rateIdx>
      </rateInfos>
      <resolvedSignalObject></resolvedSignalObject>
      <executionInterface type="ModelRefInfoRepo.InputExecutionInterface" uuid="662bd37e-e26d-4bf2-9efd-35744e0611e7"/>
      <sigNameToEMVCEMap type="ModelRefInfoRepo.SigNameEMVCEInfo" uuid="9e404503-935d-4281-8c66-a19bb25035a4"/>
    </inports>
    <inports type="ModelRefInfoRepo.InportInformation" uuid="a488bb04-ad95-4e83-b0dc-558800fb9427">
      <isNotDerivPort>true</isNotDerivPort>
      <designMax>inf</designMax>
      <designMin>-inf</designMin>
      <indexType>2</indexType>
      <originalPortNumber>11</originalPortNumber>
      <rateInfos type="ModelRefInfoRepo.RateInfo">
        <compiled>true</compiled>
        <nonFcnCallPartitionName>D1</nonFcnCallPartitionName>
        <period>.005</period>
        <priority>40</priority>
        <rateIdx>0</rateIdx>
      </rateInfos>
      <resolvedSignalObject></resolvedSignalObject>
      <executionInterface type="ModelRefInfoRepo.InputExecutionInterface" uuid="d4c49247-7a3f-4565-9153-dac171f6d01f"/>
      <sigNameToEMVCEMap type="ModelRefInfoRepo.SigNameEMVCEInfo" uuid="3541afa6-807e-4b4b-aba5-6853c0b08e11"/>
    </inports>
    <inports type="ModelRefInfoRepo.InportInformation" uuid="52fe416d-ba36-41de-b01d-5fc25d6d8b9d">
      <isNotDerivPort>true</isNotDerivPort>
      <designMax>inf</designMax>
      <designMin>-inf</designMin>
      <indexType>2</indexType>
      <originalPortNumber>12</originalPortNumber>
      <rateInfos type="ModelRefInfoRepo.RateInfo">
        <compiled>true</compiled>
        <nonFcnCallPartitionName>D1</nonFcnCallPartitionName>
        <period>.005</period>
        <priority>40</priority>
        <rateIdx>0</rateIdx>
      </rateInfos>
      <resolvedSignalObject></resolvedSignalObject>
      <executionInterface type="ModelRefInfoRepo.InputExecutionInterface" uuid="e3ea99a4-6927-42ad-af53-6066e802a900"/>
      <sigNameToEMVCEMap type="ModelRefInfoRepo.SigNameEMVCEInfo" uuid="4b62b9d7-2ea6-4e91-9140-b7a1bb30b447"/>
    </inports>
    <inports type="ModelRefInfoRepo.InportInformation" uuid="16baeac9-8631-4df4-9b35-802dc9b9732a">
      <isNotDerivPort>true</isNotDerivPort>
      <designMax>inf</designMax>
      <designMin>-inf</designMin>
      <indexType>2</indexType>
      <originalPortNumber>13</originalPortNumber>
      <rateInfos type="ModelRefInfoRepo.RateInfo">
        <compiled>true</compiled>
        <nonFcnCallPartitionName>D1</nonFcnCallPartitionName>
        <period>.005</period>
        <priority>40</priority>
        <rateIdx>0</rateIdx>
      </rateInfos>
      <resolvedSignalObject></resolvedSignalObject>
      <executionInterface type="ModelRefInfoRepo.InputExecutionInterface" uuid="f9208c98-5ad0-4914-9f1a-7fa6aeb763a6"/>
      <sigNameToEMVCEMap type="ModelRefInfoRepo.SigNameEMVCEInfo" uuid="50e7c4c8-2b20-4be0-ab03-31feffd74ef1"/>
    </inports>
    <inports type="ModelRefInfoRepo.InportInformation" uuid="5b5509f0-9bde-42d7-8c16-3b6b86588a7a">
      <isNotDerivPort>true</isNotDerivPort>
      <designMax>inf</designMax>
      <designMin>-inf</designMin>
      <indexType>2</indexType>
      <originalPortNumber>14</originalPortNumber>
      <rateInfos type="ModelRefInfoRepo.RateInfo">
        <compiled>true</compiled>
        <nonFcnCallPartitionName>D1</nonFcnCallPartitionName>
        <period>.005</period>
        <priority>40</priority>
        <rateIdx>0</rateIdx>
      </rateInfos>
      <resolvedSignalObject></resolvedSignalObject>
      <executionInterface type="ModelRefInfoRepo.InputExecutionInterface" uuid="bc374127-0adf-4976-8c41-d686c08684e1"/>
      <sigNameToEMVCEMap type="ModelRefInfoRepo.SigNameEMVCEInfo" uuid="7f220ffe-07db-4080-9754-4247bdec06fb"/>
    </inports>
    <inports type="ModelRefInfoRepo.InportInformation" uuid="2cb971ca-d66f-4c81-a68f-c9607e22fbaf">
      <isNotDerivPort>true</isNotDerivPort>
      <designMax>inf</designMax>
      <designMin>-inf</designMin>
      <indexType>2</indexType>
      <originalPortNumber>15</originalPortNumber>
      <rateInfos type="ModelRefInfoRepo.RateInfo">
        <compiled>true</compiled>
        <nonFcnCallPartitionName>D1</nonFcnCallPartitionName>
        <period>.005</period>
        <priority>40</priority>
        <rateIdx>0</rateIdx>
      </rateInfos>
      <resolvedSignalObject></resolvedSignalObject>
      <executionInterface type="ModelRefInfoRepo.InputExecutionInterface" uuid="d3fd65d9-f5cd-4e73-8af1-e9bce0e67a6c"/>
      <sigNameToEMVCEMap type="ModelRefInfoRepo.SigNameEMVCEInfo" uuid="c1738ae1-1314-4dda-a6f2-26634dcdcc7b"/>
    </inports>
    <isBdInSimModeForSimCodegenVariants>false</isBdInSimModeForSimCodegenVariants>
    <isInlineParamsOn>true</isInlineParamsOn>
    <isNumAllowedInstancesOne>true</isNumAllowedInstancesOne>
    <isOrigInportVirtualBus>false</isOrigInportVirtualBus>
    <isOrigInportVirtualBus>false</isOrigInportVirtualBus>
    <isOrigInportVirtualBus>false</isOrigInportVirtualBus>
    <isOrigInportVirtualBus>false</isOrigInportVirtualBus>
    <isOrigInportVirtualBus>false</isOrigInportVirtualBus>
    <isOrigInportVirtualBus>false</isOrigInportVirtualBus>
    <isOrigInportVirtualBus>false</isOrigInportVirtualBus>
    <isOrigInportVirtualBus>false</isOrigInportVirtualBus>
    <isOrigInportVirtualBus>false</isOrigInportVirtualBus>
    <isOrigInportVirtualBus>false</isOrigInportVirtualBus>
    <isOrigInportVirtualBus>false</isOrigInportVirtualBus>
    <isOrigInportVirtualBus>false</isOrigInportVirtualBus>
    <isOrigInportVirtualBus>false</isOrigInportVirtualBus>
    <isOrigInportVirtualBus>false</isOrigInportVirtualBus>
    <isOrigInportVirtualBus>false</isOrigInportVirtualBus>
    <isOrigInportVirtualBus>false</isOrigInportVirtualBus>
    <isOrigOutportVirtualBus>false</isOrigOutportVirtualBus>
    <isOrigOutportVirtualBus>false</isOrigOutportVirtualBus>
    <isOrigOutportVirtualBus>false</isOrigOutportVirtualBus>
    <isOrigOutportVirtualBus>false</isOrigOutportVirtualBus>
    <isOrigOutportVirtualBus>false</isOrigOutportVirtualBus>
    <isOrigOutportVirtualBus>false</isOrigOutportVirtualBus>
    <isOrigOutportVirtualBus>false</isOrigOutportVirtualBus>
    <isOrigOutportVirtualBus>false</isOrigOutportVirtualBus>
    <isOrigOutportVirtualBus>false</isOrigOutportVirtualBus>
    <isOrigOutportVirtualBus>false</isOrigOutportVirtualBus>
    <isOrigOutportVirtualBus>false</isOrigOutportVirtualBus>
    <isOrigOutportVirtualBus>false</isOrigOutportVirtualBus>
    <isOrigOutportVirtualBus>false</isOrigOutportVirtualBus>
    <isOrigOutportVirtualBus>false</isOrigOutportVirtualBus>
    <isOrigOutportVirtualBus>false</isOrigOutportVirtualBus>
    <loggingSaveFormat>2</loggingSaveFormat>
    <maxFreqHz>-1.0</maxFreqHz>
    <numDStateRecs>14</numDStateRecs>
    <numDataInputPorts>16</numDataInputPorts>
    <numLoggableDStateRecs>14</numLoggableDStateRecs>
    <numLoggableJacobianDStates>0</numLoggableJacobianDStates>
    <origInportBusType></origInportBusType>
    <origInportBusType></origInportBusType>
    <origInportBusType></origInportBusType>
    <origInportBusType></origInportBusType>
    <origInportBusType></origInportBusType>
    <origInportBusType></origInportBusType>
    <origInportBusType></origInportBusType>
    <origInportBusType></origInportBusType>
    <origInportBusType></origInportBusType>
    <origInportBusType></origInportBusType>
    <origInportBusType></origInportBusType>
    <origInportBusType></origInportBusType>
    <origInportBusType></origInportBusType>
    <origInportBusType></origInportBusType>
    <origInportBusType></origInportBusType>
    <origInportBusType></origInportBusType>
    <origOutportBusOutputAsStruct>false</origOutportBusOutputAsStruct>
    <origOutportBusOutputAsStruct>false</origOutportBusOutputAsStruct>
    <origOutportBusOutputAsStruct>false</origOutportBusOutputAsStruct>
    <origOutportBusOutputAsStruct>false</origOutportBusOutputAsStruct>
    <origOutportBusOutputAsStruct>false</origOutportBusOutputAsStruct>
    <origOutportBusOutputAsStruct>false</origOutportBusOutputAsStruct>
    <origOutportBusOutputAsStruct>false</origOutportBusOutputAsStruct>
    <origOutportBusOutputAsStruct>false</origOutportBusOutputAsStruct>
    <origOutportBusOutputAsStruct>false</origOutportBusOutputAsStruct>
    <origOutportBusOutputAsStruct>false</origOutportBusOutputAsStruct>
    <origOutportBusOutputAsStruct>false</origOutportBusOutputAsStruct>
    <origOutportBusOutputAsStruct>false</origOutportBusOutputAsStruct>
    <origOutportBusOutputAsStruct>false</origOutportBusOutputAsStruct>
    <origOutportBusOutputAsStruct>false</origOutportBusOutputAsStruct>
    <origOutportBusOutputAsStruct>false</origOutportBusOutputAsStruct>
    <origOutportBusType></origOutportBusType>
    <origOutportBusType></origOutportBusType>
    <origOutportBusType></origOutportBusType>
    <origOutportBusType></origOutportBusType>
    <origOutportBusType></origOutportBusType>
    <origOutportBusType></origOutportBusType>
    <origOutportBusType></origOutportBusType>
    <origOutportBusType></origOutportBusType>
    <origOutportBusType></origOutportBusType>
    <origOutportBusType></origOutportBusType>
    <origOutportBusType></origOutportBusType>
    <origOutportBusType></origOutportBusType>
    <origOutportBusType></origOutportBusType>
    <origOutportBusType></origOutportBusType>
    <origOutportBusType></origOutportBusType>
    <outports type="ModelRefInfoRepo.OutportInformation" uuid="a2f7e269-abed-4195-a19c-769285460af2">
      <hasSystemInitMethod>true</hasSystemInitMethod>
      <designMax>inf</designMax>
      <designMin>-inf</designMin>
      <rateInfos type="ModelRefInfoRepo.RateInfo">
        <compiled>true</compiled>
        <nonFcnCallPartitionName>D1</nonFcnCallPartitionName>
        <period>.005</period>
        <priority>40</priority>
        <rateIdx>0</rateIdx>
      </rateInfos>
      <resolvedSignalObject></resolvedSignalObject>
      <executionInterface type="ModelRefInfoRepo.OutputExecutionInterface" uuid="1fd5fb79-813c-4725-84d6-899dbc03a047"/>
      <sigNameToEMVCEMap type="ModelRefInfoRepo.SigNameEMVCEInfo" uuid="d68f123b-bb50-46e6-b93c-895ba64f52df"/>
    </outports>
    <outports type="ModelRefInfoRepo.OutportInformation" uuid="c9895d5b-ad4f-4291-b010-45440db2433a">
      <drivenByBlockOutputPotentiallyNotUpdateAtRunTime>true</drivenByBlockOutputPotentiallyNotUpdateAtRunTime>
      <hasSystemInitMethod>true</hasSystemInitMethod>
      <designMax>inf</designMax>
      <designMin>-inf</designMin>
      <originalPortNumber>1</originalPortNumber>
      <rateInfos type="ModelRefInfoRepo.RateInfo">
        <compiled>true</compiled>
        <needAbsoluteTime>true</needAbsoluteTime>
        <offset>inf</offset>
        <period>inf</period>
        <priority>-2147483648</priority>
      </rateInfos>
      <resolvedSignalObject></resolvedSignalObject>
      <executionInterface type="ModelRefInfoRepo.OutputExecutionInterface" uuid="f7df4453-cca2-4d57-9cec-4e07108ea408"/>
      <sigNameToEMVCEMap type="ModelRefInfoRepo.SigNameEMVCEInfo" uuid="20d6ce75-bcbb-4444-bbf9-1391d9fbc175"/>
    </outports>
    <outports type="ModelRefInfoRepo.OutportInformation" uuid="cfa53032-5230-4119-93c5-44f9f37e4a62">
      <drivenByBlockOutputPotentiallyNotUpdateAtRunTime>true</drivenByBlockOutputPotentiallyNotUpdateAtRunTime>
      <hasSystemInitMethod>true</hasSystemInitMethod>
      <designMax>inf</designMax>
      <designMin>-inf</designMin>
      <originalPortNumber>2</originalPortNumber>
      <rateInfos type="ModelRefInfoRepo.RateInfo">
        <compiled>true</compiled>
        <needAbsoluteTime>true</needAbsoluteTime>
        <offset>inf</offset>
        <period>inf</period>
        <priority>-2147483648</priority>
      </rateInfos>
      <resolvedSignalObject></resolvedSignalObject>
      <executionInterface type="ModelRefInfoRepo.OutputExecutionInterface" uuid="d2bef731-2413-4e40-90d0-07dddab64dcb"/>
      <sigNameToEMVCEMap type="ModelRefInfoRepo.SigNameEMVCEInfo" uuid="ed21c932-03ee-4106-8afc-10a366e4d573"/>
    </outports>
    <outports type="ModelRefInfoRepo.OutportInformation" uuid="4ef20079-86e9-4878-aaa6-7528befa2b43">
      <designMax>inf</designMax>
      <designMin>-inf</designMin>
      <originalPortNumber>3</originalPortNumber>
      <rateInfos type="ModelRefInfoRepo.RateInfo">
        <compiled>true</compiled>
        <nonFcnCallPartitionName>D1</nonFcnCallPartitionName>
        <period>.1</period>
        <priority>40</priority>
        <rateIdx>1</rateIdx>
      </rateInfos>
      <resolvedSignalObject></resolvedSignalObject>
      <executionInterface type="ModelRefInfoRepo.OutputExecutionInterface" uuid="0c375139-4cb3-490a-b892-697084d04c03"/>
      <sigNameToEMVCEMap type="ModelRefInfoRepo.SigNameEMVCEInfo" uuid="59eaa20d-b1f8-4807-8a8a-924ef58ac660"/>
    </outports>
    <outports type="ModelRefInfoRepo.OutportInformation" uuid="e38de947-4822-4ade-a509-bd1f77a24943">
      <designMax>inf</designMax>
      <designMin>-inf</designMin>
      <originalPortNumber>4</originalPortNumber>
      <rateInfos type="ModelRefInfoRepo.RateInfo">
        <compiled>true</compiled>
        <nonFcnCallPartitionName>D1</nonFcnCallPartitionName>
        <period>.005</period>
        <priority>40</priority>
        <rateIdx>0</rateIdx>
      </rateInfos>
      <resolvedSignalObject></resolvedSignalObject>
      <executionInterface type="ModelRefInfoRepo.OutputExecutionInterface" uuid="87d14ee8-b600-40b7-9026-1ea9c9d2860e"/>
      <sigNameToEMVCEMap type="ModelRefInfoRepo.SigNameEMVCEInfo" uuid="7b4875b6-8403-40b4-853e-e4429e764e02"/>
    </outports>
    <outports type="ModelRefInfoRepo.OutportInformation" uuid="d567cfb7-1d8a-4cdb-a245-a9feec8d83ce">
      <hasSystemInitMethod>true</hasSystemInitMethod>
      <designMax>inf</designMax>
      <designMin>-inf</designMin>
      <originalPortNumber>5</originalPortNumber>
      <rateInfos type="ModelRefInfoRepo.RateInfo">
        <compiled>true</compiled>
        <nonFcnCallPartitionName>D1</nonFcnCallPartitionName>
        <period>.005</period>
        <priority>40</priority>
        <rateIdx>0</rateIdx>
      </rateInfos>
      <resolvedSignalObject></resolvedSignalObject>
      <executionInterface type="ModelRefInfoRepo.OutputExecutionInterface" uuid="1cbe3faf-79f4-4717-a8d8-90fd18688047"/>
      <sigNameToEMVCEMap type="ModelRefInfoRepo.SigNameEMVCEInfo" uuid="16618991-889b-459b-a8f5-b1583bade976"/>
    </outports>
    <outports type="ModelRefInfoRepo.OutportInformation" uuid="5f152183-e704-4701-84f1-149aeceb1f31">
      <hasSystemInitMethod>true</hasSystemInitMethod>
      <designMax>inf</designMax>
      <designMin>-inf</designMin>
      <originalPortNumber>6</originalPortNumber>
      <rateInfos type="ModelRefInfoRepo.RateInfo">
        <compiled>true</compiled>
        <nonFcnCallPartitionName>D1</nonFcnCallPartitionName>
        <period>.005</period>
        <priority>40</priority>
        <rateIdx>0</rateIdx>
      </rateInfos>
      <resolvedSignalObject></resolvedSignalObject>
      <executionInterface type="ModelRefInfoRepo.OutputExecutionInterface" uuid="c0e1a5c2-8736-49b0-b760-4f127cbb1e50"/>
      <sigNameToEMVCEMap type="ModelRefInfoRepo.SigNameEMVCEInfo" uuid="df3ac203-6fac-4774-8ba3-c285635cd17d"/>
    </outports>
    <outports type="ModelRefInfoRepo.OutportInformation" uuid="b6dfffbe-8030-4ac3-8f03-8d320db4c6b3">
      <designMax>inf</designMax>
      <designMin>-inf</designMin>
      <originalPortNumber>7</originalPortNumber>
      <rateInfos type="ModelRefInfoRepo.RateInfo">
        <compiled>true</compiled>
        <nonFcnCallPartitionName>D1</nonFcnCallPartitionName>
        <period>.005</period>
        <priority>40</priority>
        <rateIdx>0</rateIdx>
      </rateInfos>
      <resolvedSignalObject></resolvedSignalObject>
      <executionInterface type="ModelRefInfoRepo.OutputExecutionInterface" uuid="44d5da79-dabe-46bf-bf0b-5a1f0f3471cb"/>
      <sigNameToEMVCEMap type="ModelRefInfoRepo.SigNameEMVCEInfo" uuid="79c08a15-71cd-434c-9978-907c8f839b65"/>
    </outports>
    <outports type="ModelRefInfoRepo.OutportInformation" uuid="c2c17f19-cb52-4195-86a9-62e2ab22e039">
      <designMax>inf</designMax>
      <designMin>-inf</designMin>
      <originalPortNumber>8</originalPortNumber>
      <rateInfos type="ModelRefInfoRepo.RateInfo">
        <compiled>true</compiled>
        <nonFcnCallPartitionName>D1</nonFcnCallPartitionName>
        <period>.005</period>
        <priority>40</priority>
        <rateIdx>0</rateIdx>
      </rateInfos>
      <resolvedSignalObject></resolvedSignalObject>
      <executionInterface type="ModelRefInfoRepo.OutputExecutionInterface" uuid="cf85fcf2-eba2-4126-b1cb-5c851802f371"/>
      <sigNameToEMVCEMap type="ModelRefInfoRepo.SigNameEMVCEInfo" uuid="e81278fe-698b-405d-bf44-0fe0d46a5149"/>
    </outports>
    <outports type="ModelRefInfoRepo.OutportInformation" uuid="0c711001-ddf8-4401-a0a1-2a6be8881c72">
      <designMax>inf</designMax>
      <designMin>-inf</designMin>
      <originalPortNumber>9</originalPortNumber>
      <rateInfos type="ModelRefInfoRepo.RateInfo">
        <compiled>true</compiled>
        <nonFcnCallPartitionName>D1</nonFcnCallPartitionName>
        <period>.005</period>
        <priority>40</priority>
        <rateIdx>0</rateIdx>
      </rateInfos>
      <resolvedSignalObject></resolvedSignalObject>
      <executionInterface type="ModelRefInfoRepo.OutputExecutionInterface" uuid="a6efaad4-b3e9-4d6b-bbdc-3aee1721b899"/>
      <sigNameToEMVCEMap type="ModelRefInfoRepo.SigNameEMVCEInfo" uuid="a59fe672-1cdf-4f07-ad6c-fe7d3d778772"/>
    </outports>
    <outports type="ModelRefInfoRepo.OutportInformation" uuid="864b2d6e-afe0-4314-a5ac-c4b82ba4d77a">
      <hasSystemInitMethod>true</hasSystemInitMethod>
      <designMax>inf</designMax>
      <designMin>-inf</designMin>
      <originalPortNumber>10</originalPortNumber>
      <rateInfos type="ModelRefInfoRepo.RateInfo">
        <compiled>true</compiled>
        <nonFcnCallPartitionName>D1</nonFcnCallPartitionName>
        <period>.005</period>
        <priority>40</priority>
        <rateIdx>0</rateIdx>
      </rateInfos>
      <resolvedSignalObject></resolvedSignalObject>
      <executionInterface type="ModelRefInfoRepo.OutputExecutionInterface" uuid="2249ad31-bfd8-4126-a5b1-a1218daa40a2"/>
      <sigNameToEMVCEMap type="ModelRefInfoRepo.SigNameEMVCEInfo" uuid="2da40560-9268-4dc5-8722-de292437cd73"/>
    </outports>
    <outports type="ModelRefInfoRepo.OutportInformation" uuid="3df31fbf-418e-4f12-9b47-0261b8e69c1d">
      <designMax>inf</designMax>
      <designMin>-inf</designMin>
      <originalPortNumber>11</originalPortNumber>
      <rateInfos type="ModelRefInfoRepo.RateInfo">
        <compiled>true</compiled>
        <nonFcnCallPartitionName>D1</nonFcnCallPartitionName>
        <period>.005</period>
        <priority>40</priority>
        <rateIdx>0</rateIdx>
      </rateInfos>
      <resolvedSignalObject></resolvedSignalObject>
      <executionInterface type="ModelRefInfoRepo.OutputExecutionInterface" uuid="2c6594a2-f90e-4f49-9d40-6c7de0375a59"/>
      <sigNameToEMVCEMap type="ModelRefInfoRepo.SigNameEMVCEInfo" uuid="1f8d1baf-8a61-4353-b28e-b7a6824a15a0"/>
    </outports>
    <outports type="ModelRefInfoRepo.OutportInformation" uuid="a2a24518-1a7c-40e8-b3ab-ba5fb1304934">
      <designMax>inf</designMax>
      <designMin>-inf</designMin>
      <originalPortNumber>12</originalPortNumber>
      <rateInfos type="ModelRefInfoRepo.RateInfo">
        <compiled>true</compiled>
        <nonFcnCallPartitionName>D1</nonFcnCallPartitionName>
        <period>.005</period>
        <priority>40</priority>
        <rateIdx>0</rateIdx>
      </rateInfos>
      <resolvedSignalObject></resolvedSignalObject>
      <executionInterface type="ModelRefInfoRepo.OutputExecutionInterface" uuid="664dc61c-2c54-4c98-a635-106a978f0ead"/>
      <sigNameToEMVCEMap type="ModelRefInfoRepo.SigNameEMVCEInfo" uuid="6702299d-b6f7-429c-b63d-5a1a1faf1c48"/>
    </outports>
    <outports type="ModelRefInfoRepo.OutportInformation" uuid="b6649de1-4efc-4109-9e28-972e2bc1b43b">
      <hasSystemInitMethod>true</hasSystemInitMethod>
      <designMax>inf</designMax>
      <designMin>-inf</designMin>
      <originalPortNumber>13</originalPortNumber>
      <rateInfos type="ModelRefInfoRepo.RateInfo">
        <compiled>true</compiled>
        <nonFcnCallPartitionName>D1</nonFcnCallPartitionName>
        <period>.005</period>
        <priority>40</priority>
        <rateIdx>0</rateIdx>
      </rateInfos>
      <resolvedSignalObject></resolvedSignalObject>
      <executionInterface type="ModelRefInfoRepo.OutputExecutionInterface" uuid="d8cc88c6-7ef6-4aa0-8750-9ad5ff5a7a17"/>
      <sigNameToEMVCEMap type="ModelRefInfoRepo.SigNameEMVCEInfo" uuid="bfb5f02a-349a-4a14-b72b-a2dceefce184"/>
    </outports>
    <outports type="ModelRefInfoRepo.OutportInformation" uuid="23273ac6-3b7c-443f-a004-69c235eb27e8">
      <designMax>inf</designMax>
      <designMin>-inf</designMin>
      <originalPortNumber>14</originalPortNumber>
      <rateInfos type="ModelRefInfoRepo.RateInfo">
        <compiled>true</compiled>
        <nonFcnCallPartitionName>D1</nonFcnCallPartitionName>
        <period>.005</period>
        <priority>40</priority>
        <rateIdx>0</rateIdx>
      </rateInfos>
      <resolvedSignalObject></resolvedSignalObject>
      <executionInterface type="ModelRefInfoRepo.OutputExecutionInterface" uuid="f9e442c1-4f7a-4aac-820e-637a041403c5"/>
      <sigNameToEMVCEMap type="ModelRefInfoRepo.SigNameEMVCEInfo" uuid="70e33fb9-a86e-4642-993b-e4d01140839d"/>
    </outports>
    <removeResetFunc>true</removeResetFunc>
    <runtimeNonFcnCallRateInfos type="ModelRefInfoRepo.RateInfo">
      <compiled>true</compiled>
      <nonFcnCallPartitionName>D1</nonFcnCallPartitionName>
      <period>.005</period>
      <priority>40</priority>
      <rateIdx>0</rateIdx>
    </runtimeNonFcnCallRateInfos>
    <runtimeNonFcnCallRateInfos type="ModelRefInfoRepo.RateInfo">
      <compiled>true</compiled>
      <nonFcnCallPartitionName>D1</nonFcnCallPartitionName>
      <period>.1</period>
      <priority>40</priority>
      <rateIdx>1</rateIdx>
    </runtimeNonFcnCallRateInfos>
    <sampleTimeInheritanceRule>2</sampleTimeInheritanceRule>
    <solverStatusFlags>323</solverStatusFlags>
    <timingAndTaskingRegistry>&lt;?xml version=&quot;1.0&quot;?&gt;
&lt;slexec_sto version=&quot;1.1&quot; packageUris=&quot;http://schema.mathworks.com/mf0/slexec_mm_sto/R2023a_202208151321&quot;&gt;
  &lt;sto.Registry type=&quot;sto.Registry&quot; uuid=&quot;8d1a8d47-a339-4ff9-8de8-b15b583a4ddd&quot;&gt;
    &lt;executionSpec&gt;Undetermined&lt;/executionSpec&gt;
    &lt;identifier&gt;AppMain&lt;/identifier&gt;
    &lt;clockRegistry type=&quot;sto.ClockRegistry&quot; uuid=&quot;9d0cd55f-705a-4184-9f37-94a8b8387983&quot;&gt;
      &lt;clocks type=&quot;sto.Timer&quot; uuid=&quot;474446c3-724a-4599-9415-593b89e47501&quot;&gt;
        &lt;clockTickConstraint&gt;PeriodicWithFixedResolution&lt;/clockTickConstraint&gt;
        &lt;computedFundamentalDiscretePeriod&gt;.005&lt;/computedFundamentalDiscretePeriod&gt;
        &lt;fastestDiscreteRate type=&quot;sto.ClassicPeriodicDiscreteRate&quot; uuid=&quot;3001b462-129d-4e1e-af05-308ee790b5e4&quot;/&gt;
        &lt;isDefaultTimer&gt;true&lt;/isDefaultTimer&gt;
        &lt;resolution&gt;.005&lt;/resolution&gt;
        &lt;timeAdvanceMode&gt;FixedStep&lt;/timeAdvanceMode&gt;
        &lt;identifier&gt;AppMain::defaultTimer&lt;/identifier&gt;
        &lt;rates type=&quot;sto.ClassicPeriodicDiscreteRate&quot; uuid=&quot;3001b462-129d-4e1e-af05-308ee790b5e4&quot;&gt;
          &lt;annotation&gt;D1&lt;/annotation&gt;
          &lt;clockId&gt;AppMain::defaultTimer&lt;/clockId&gt;
          &lt;colorIndex&gt;2&lt;/colorIndex&gt;
          &lt;description&gt;离散 1&lt;/description&gt;
          &lt;taskId&gt;_task0&lt;/taskId&gt;
          &lt;rateSpec type=&quot;sto.RateSpec&quot; uuid=&quot;4d8004df-e643-4820-85ab-f91b99e913bc&quot;&gt;
            &lt;period&gt;.005&lt;/period&gt;
            &lt;rateType&gt;ClassicPeriodicDiscrete&lt;/rateType&gt;
          &lt;/rateSpec&gt;
        &lt;/rates&gt;
        &lt;rates type=&quot;sto.ClassicPeriodicDiscreteRate&quot; uuid=&quot;4fd20ebe-2086-4d06-b52b-93caf5232614&quot;&gt;
          &lt;annotation&gt;D2&lt;/annotation&gt;
          &lt;clockId&gt;AppMain::defaultTimer&lt;/clockId&gt;
          &lt;colorIndex&gt;3&lt;/colorIndex&gt;
          &lt;description&gt;离散 2&lt;/description&gt;
          &lt;rateIdx&gt;1&lt;/rateIdx&gt;
          &lt;taskId&gt;_task0&lt;/taskId&gt;
          &lt;rateSpec type=&quot;sto.RateSpec&quot; uuid=&quot;a573d19b-4d4c-475f-ae76-7142f99828d0&quot;&gt;
            &lt;period&gt;.1&lt;/period&gt;
            &lt;rateType&gt;ClassicPeriodicDiscrete&lt;/rateType&gt;
          &lt;/rateSpec&gt;
        &lt;/rates&gt;
        &lt;baseRate type=&quot;sto.ClassicPeriodicDiscreteRate&quot; uuid=&quot;50c69190-d7ed-4ddd-b1d0-fe1f4c5aae11&quot;&gt;
          &lt;annotation&gt;D1&lt;/annotation&gt;
          &lt;clockId&gt;AppMain::defaultTimer&lt;/clockId&gt;
          &lt;colorIndex&gt;2&lt;/colorIndex&gt;
          &lt;description&gt;离散 1&lt;/description&gt;
          &lt;taskId&gt;_task0&lt;/taskId&gt;
          &lt;rateSpec type=&quot;sto.RateSpec&quot; uuid=&quot;86f2019c-bab1-4e8f-a47d-d1abe31bd2f1&quot;&gt;
            &lt;period&gt;.005&lt;/period&gt;
            &lt;rateType&gt;ClassicPeriodicDiscrete&lt;/rateType&gt;
          &lt;/rateSpec&gt;
        &lt;/baseRate&gt;
      &lt;/clocks&gt;
      &lt;clocks type=&quot;sto.Event&quot; uuid=&quot;64a3a455-c71c-4424-a3a0-435576a87804&quot;&gt;
        &lt;eventType&gt;PARAMETER_CHANGE_EVENT&lt;/eventType&gt;
        &lt;cNum&gt;1&lt;/cNum&gt;
        &lt;clockType&gt;Event&lt;/clockType&gt;
        &lt;identifier&gt;ParameterChangeEvent&lt;/identifier&gt;
        &lt;rates type=&quot;sto.ModelWideEventRate&quot; uuid=&quot;a1605879-ff3d-4dbb-a5a8-df5b3664b4e4&quot;&gt;
          &lt;clockId&gt;ParameterChangeEvent&lt;/clockId&gt;
          &lt;rateIdx&gt;-1&lt;/rateIdx&gt;
          &lt;taskId&gt;ModelWideParameterChangeEvent&lt;/taskId&gt;
          &lt;useForExecution&gt;NotForExecution&lt;/useForExecution&gt;
          &lt;rateSpec type=&quot;sto.RateSpec&quot; uuid=&quot;15ec89a4-1333-4858-a15a-6dc7150ee44f&quot;&gt;
            &lt;period&gt;inf&lt;/period&gt;
            &lt;rateType&gt;ModelWideParameterChangeEvent&lt;/rateType&gt;
          &lt;/rateSpec&gt;
        &lt;/rates&gt;
      &lt;/clocks&gt;
      &lt;timeAdvanceMode&gt;FixedStep&lt;/timeAdvanceMode&gt;
    &lt;/clockRegistry&gt;
    &lt;taskRegistry type=&quot;sto.TaskRegistry&quot; uuid=&quot;f618b8f6-4f74-4f11-8dca-bbe1ea8b94ff&quot;&gt;
      &lt;rootTaskHierarchyElements type=&quot;sto.Task&quot; uuid=&quot;ac06b6f1-0e7d-4135-9bbd-ee02200eedde&quot;&gt;
        &lt;isExplicit&gt;true&lt;/isExplicit&gt;
        &lt;rates type=&quot;sto.ModelWideEventRate&quot; uuid=&quot;ddf8612d-fdee-4586-ad55-304c3fa8f4f2&quot;&gt;
          &lt;clockId&gt;ParameterChangeEvent&lt;/clockId&gt;
          &lt;rateIdx&gt;-1&lt;/rateIdx&gt;
          &lt;taskId&gt;ModelWideParameterChangeEvent&lt;/taskId&gt;
          &lt;useForExecution&gt;NotForExecution&lt;/useForExecution&gt;
          &lt;rateSpec type=&quot;sto.RateSpec&quot; uuid=&quot;fabeddf9-155f-4b9a-9786-55998a23b63f&quot;&gt;
            &lt;period&gt;inf&lt;/period&gt;
            &lt;rateType&gt;ModelWideParameterChangeEvent&lt;/rateType&gt;
          &lt;/rateSpec&gt;
        &lt;/rates&gt;
        &lt;schedulingClockId&gt;ParameterChangeEvent&lt;/schedulingClockId&gt;
        &lt;timeKeeperClockId&gt;AppMain::defaultTimer&lt;/timeKeeperClockId&gt;
        &lt;elementType&gt;Task&lt;/elementType&gt;
        &lt;identifier&gt;ModelWideParameterChangeEvent&lt;/identifier&gt;
        &lt;priority&gt;-1&lt;/priority&gt;
      &lt;/rootTaskHierarchyElements&gt;
      &lt;rootTaskHierarchyElements type=&quot;sto.Task&quot; uuid=&quot;bbc32f80-605e-45e2-8363-b97d7ed2ec72&quot;&gt;
        &lt;isExecutable&gt;true&lt;/isExecutable&gt;
        &lt;orderIndex&gt;1&lt;/orderIndex&gt;
        &lt;rates type=&quot;sto.ClassicPeriodicDiscreteRate&quot; uuid=&quot;8c91510d-5da5-4845-b029-2db083a400cc&quot;&gt;
          &lt;annotation&gt;D1&lt;/annotation&gt;
          &lt;clockId&gt;AppMain::defaultTimer&lt;/clockId&gt;
          &lt;colorIndex&gt;2&lt;/colorIndex&gt;
          &lt;description&gt;离散 1&lt;/description&gt;
          &lt;taskId&gt;_task0&lt;/taskId&gt;
          &lt;rateSpec type=&quot;sto.RateSpec&quot; uuid=&quot;654e6934-8ca3-4259-b5d1-371107f27a18&quot;&gt;
            &lt;period&gt;.005&lt;/period&gt;
            &lt;rateType&gt;ClassicPeriodicDiscrete&lt;/rateType&gt;
          &lt;/rateSpec&gt;
        &lt;/rates&gt;
        &lt;rates type=&quot;sto.ClassicPeriodicDiscreteRate&quot; uuid=&quot;5701cb3f-9464-445e-a372-b56482dbde31&quot;&gt;
          &lt;annotation&gt;D2&lt;/annotation&gt;
          &lt;clockId&gt;AppMain::defaultTimer&lt;/clockId&gt;
          &lt;colorIndex&gt;3&lt;/colorIndex&gt;
          &lt;description&gt;离散 2&lt;/description&gt;
          &lt;rateIdx&gt;1&lt;/rateIdx&gt;
          &lt;taskId&gt;_task0&lt;/taskId&gt;
          &lt;rateSpec type=&quot;sto.RateSpec&quot; uuid=&quot;5afc996a-ee90-4205-90e6-501acd676b7e&quot;&gt;
            &lt;period&gt;.1&lt;/period&gt;
            &lt;rateType&gt;ClassicPeriodicDiscrete&lt;/rateType&gt;
          &lt;/rateSpec&gt;
        &lt;/rates&gt;
        &lt;schedulingClockId&gt;AppMain::defaultTimer&lt;/schedulingClockId&gt;
        &lt;timeKeeperClockId&gt;AppMain::defaultTimer&lt;/timeKeeperClockId&gt;
        &lt;elementType&gt;Task&lt;/elementType&gt;
        &lt;identifier&gt;_task0&lt;/identifier&gt;
        &lt;priority&gt;40&lt;/priority&gt;
      &lt;/rootTaskHierarchyElements&gt;
      &lt;taskDependencyGraph type=&quot;sto.SerializedTaskConnectionList&quot; uuid=&quot;56646a3a-cbb4-4d32-83f3-b844a5f1c073&quot;&gt;
        &lt;clockIdentifier&gt;AppMain::defaultTimer&lt;/clockIdentifier&gt;
        &lt;taskIdentifier&gt;_task0&lt;/taskIdentifier&gt;
      &lt;/taskDependencyGraph&gt;
      &lt;taskDependencyGraph type=&quot;sto.SerializedTaskConnectionList&quot; uuid=&quot;0e30dbed-d421-4e89-a0e7-a5589c569e83&quot;&gt;
        &lt;clockIdentifier&gt;ParameterChangeEvent&lt;/clockIdentifier&gt;
        &lt;taskIdentifier&gt;ModelWideParameterChangeEvent&lt;/taskIdentifier&gt;
      &lt;/taskDependencyGraph&gt;
      &lt;taskPriorityDirection&gt;HighNumberLast&lt;/taskPriorityDirection&gt;
    &lt;/taskRegistry&gt;
  &lt;/sto.Registry&gt;
&lt;/slexec_sto&gt;</timingAndTaskingRegistry>
    <FMUBlockMap type="ModelRefInfoRepo.FMUBlockInfo" uuid="71ed6039-3b37-4ce0-9533-4d3201651d0c"/>
    <codeGenInfo type="ModelRefInfoRepo.CodeGenInformation" uuid="6d1bdc2a-d35c-47a5-aaf5-c515cb8f4427"/>
    <compiledVariantInfos type="ModelRefInfoRepo.CompiledVariantInfoMap" uuid="dad90eaa-d010-47d3-8b09-6ca22bdacb8b"/>
    <configSettingsForConsistencyChecks type="ModelRefInfoRepo.ConfigSettingsForConsistencyChecks" uuid="bc0c65d7-5001-4ebb-a9c8-20bfa9f21603">
      <consistentOutportInitialization>true</consistentOutportInitialization>
      <fixedStepSize>.005</fixedStepSize>
      <frameDiagnosticSetting>2</frameDiagnosticSetting>
      <hasHybridSampleTime>true</hasHybridSampleTime>
      <optimizedInitCode>true</optimizedInitCode>
      <signalLoggingSaveFormat>2</signalLoggingSaveFormat>
      <simSIMDOptimization>1</simSIMDOptimization>
      <solverName>FixedStepDiscrete</solverName>
      <solverType>SOLVER_TYPE_FIXEDSTEP</solverType>
      <hardwareSettings type="ModelRefInfoRepo.HardwareSettings" uuid="4b89459b-043b-489e-a23d-8e3cd0e8a960">
        <prodBitPerChar>8</prodBitPerChar>
        <prodBitPerDouble>64</prodBitPerDouble>
        <prodBitPerFloat>32</prodBitPerFloat>
        <prodBitPerInt>16</prodBitPerInt>
        <prodBitPerLong>32</prodBitPerLong>
        <prodBitPerLongLong>64</prodBitPerLongLong>
        <prodBitPerPointer>16</prodBitPerPointer>
        <prodBitPerPtrDiffT>16</prodBitPerPtrDiffT>
        <prodBitPerShort>16</prodBitPerShort>
        <prodBitPerSizeT>16</prodBitPerSizeT>
        <prodEndianess>1</prodEndianess>
        <prodLargestAtomicFloat>2</prodLargestAtomicFloat>
        <prodShiftRight>true</prodShiftRight>
        <prodWordSize>16</prodWordSize>
      </hardwareSettings>
    </configSettingsForConsistencyChecks>
    <controllableInputRatesMap type="ModelRefInfoRepo.VarTsUIDMap" uuid="cbed3384-3c5a-401d-ae35-d2def7319d81"/>
    <controllableOutputRatesMap type="ModelRefInfoRepo.VarTsUIDMap" uuid="41e5c2d5-7b72-4e39-a56c-5afe3e474125"/>
    <dataPortGroup type="ModelRefInfoRepo.DataPortGroup" uuid="c0842790-b432-488a-b4b3-fe5b7b3a86a7">
      <compDataInputPorts>0</compDataInputPorts>
      <compDataInputPorts>1</compDataInputPorts>
      <compDataInputPorts>2</compDataInputPorts>
      <compDataInputPorts>3</compDataInputPorts>
      <compDataInputPorts>4</compDataInputPorts>
      <compDataInputPorts>5</compDataInputPorts>
      <compDataInputPorts>6</compDataInputPorts>
      <compDataInputPorts>7</compDataInputPorts>
      <compDataInputPorts>8</compDataInputPorts>
      <compDataInputPorts>9</compDataInputPorts>
      <compDataInputPorts>10</compDataInputPorts>
      <compDataInputPorts>11</compDataInputPorts>
      <compDataInputPorts>12</compDataInputPorts>
      <compDataInputPorts>13</compDataInputPorts>
      <compDataInputPorts>14</compDataInputPorts>
      <compDataInputPorts>15</compDataInputPorts>
      <compDataOutputPorts>0</compDataOutputPorts>
      <compDataOutputPorts>1</compDataOutputPorts>
      <compDataOutputPorts>2</compDataOutputPorts>
      <compDataOutputPorts>3</compDataOutputPorts>
      <compDataOutputPorts>4</compDataOutputPorts>
      <compDataOutputPorts>5</compDataOutputPorts>
      <compDataOutputPorts>6</compDataOutputPorts>
      <compDataOutputPorts>7</compDataOutputPorts>
      <compDataOutputPorts>8</compDataOutputPorts>
      <compDataOutputPorts>9</compDataOutputPorts>
      <compDataOutputPorts>10</compDataOutputPorts>
      <compDataOutputPorts>11</compDataOutputPorts>
      <compDataOutputPorts>12</compDataOutputPorts>
      <compDataOutputPorts>13</compDataOutputPorts>
      <compDataOutputPorts>14</compDataOutputPorts>
      <dataInputPorts>0</dataInputPorts>
      <dataInputPorts>1</dataInputPorts>
      <dataInputPorts>2</dataInputPorts>
      <dataInputPorts>3</dataInputPorts>
      <dataInputPorts>4</dataInputPorts>
      <dataInputPorts>5</dataInputPorts>
      <dataInputPorts>6</dataInputPorts>
      <dataInputPorts>7</dataInputPorts>
      <dataInputPorts>8</dataInputPorts>
      <dataInputPorts>9</dataInputPorts>
      <dataInputPorts>10</dataInputPorts>
      <dataInputPorts>11</dataInputPorts>
      <dataInputPorts>12</dataInputPorts>
      <dataInputPorts>13</dataInputPorts>
      <dataInputPorts>14</dataInputPorts>
      <dataInputPorts>15</dataInputPorts>
      <dataOutputPorts>0</dataOutputPorts>
      <dataOutputPorts>1</dataOutputPorts>
      <dataOutputPorts>2</dataOutputPorts>
      <dataOutputPorts>3</dataOutputPorts>
      <dataOutputPorts>4</dataOutputPorts>
      <dataOutputPorts>5</dataOutputPorts>
      <dataOutputPorts>6</dataOutputPorts>
      <dataOutputPorts>7</dataOutputPorts>
      <dataOutputPorts>8</dataOutputPorts>
      <dataOutputPorts>9</dataOutputPorts>
      <dataOutputPorts>10</dataOutputPorts>
      <dataOutputPorts>11</dataOutputPorts>
      <dataOutputPorts>12</dataOutputPorts>
      <dataOutputPorts>13</dataOutputPorts>
      <dataOutputPorts>14</dataOutputPorts>
    </dataPortGroup>
    <expFcnUnconnectedDataPortGroup type="ModelRefInfoRepo.DataPortGroup" uuid="d5673649-6553-4931-9552-9a7b246a5fde">
      <compDataInputPorts>4</compDataInputPorts>
      <compDataOutputPorts>1</compDataOutputPorts>
      <compDataOutputPorts>2</compDataOutputPorts>
    </expFcnUnconnectedDataPortGroup>
    <interfaceParameterInfo type="ModelRefInfoRepo.InterfaceParameterInfo" uuid="40ceceb7-b4c1-49f7-9fe9-c2b5d3e1a5e9"/>
    <messageInfo type="ModelRefInfoRepo.MessageInformation" uuid="995f3d9a-cd8b-4fed-8890-b8dc0577b3ba">
      <rootInportInfo type="ModelRefInfoRepo.MessageRootPortInfo" uuid="8a67c9bd-b5ce-4c0b-a86e-8153945949ec">
        <GrHierarchyMsgModeMap type="ModelRefInfoRepo.MessageModeMap" uuid="1646bc18-2633-4aa0-a837-f17a2a2d2378">
          <portIdx>4</portIdx>
        </GrHierarchyMsgModeMap>
      </rootInportInfo>
      <rootOutportInfo type="ModelRefInfoRepo.MessageRootPortInfo" uuid="623239b0-3fae-4da0-b425-4c7fea869641">
        <GrHierarchyMsgModeMap type="ModelRefInfoRepo.MessageModeMap" uuid="c822a651-0ad5-4b4d-b1d3-ee06fdf5223b">
          <portIdx>1</portIdx>
        </GrHierarchyMsgModeMap>
        <GrHierarchyMsgModeMap type="ModelRefInfoRepo.MessageModeMap" uuid="06f1c54d-1305-4e5d-91dd-cd581782b74b">
          <portIdx>2</portIdx>
        </GrHierarchyMsgModeMap>
      </rootOutportInfo>
    </messageInfo>
    <methodInfo type="ModelRefInfoRepo.MethodExistenceInfo" uuid="c9923a2f-6198-491f-8548-61f3a19cac97">
      <hasEnableMethod>true</hasEnableMethod>
      <hasSystemInitializeMethod>true</hasSystemInitializeMethod>
      <hasSystemResetMethod>true</hasSystemResetMethod>
      <hasTerminateMethod>true</hasTerminateMethod>
      <hasUpdateMethod>true</hasUpdateMethod>
    </methodInfo>
    <periodicEventPortUnsupportedBlockInfo type="ModelRefInfoRepo.PeriodicEventPortUnsupportedBlockInfo" uuid="5f20b68e-9ccb-49f6-8056-00c8ab6f4176"/>
    <portGroupsRequireSameRate type="ModelRefInfoRepo.PortGroupsRequireSameRate" uuid="6088a43b-7ac4-4aa7-b71c-ffed50aa0c81">
      <DSMPortGroups type="ModelRefInfoRepo.NameToPortGroupIdxVectMap" uuid="ac7de377-f363-4a2b-aaaf-eeb2c78ad4dd"/>
      <GlobalDSMPortGroups type="ModelRefInfoRepo.NameToPortGroupIdxVectMap" uuid="7be14a30-9cae-405d-be31-fef5e9a47b3e"/>
      <mergedPortGroups type="ModelRefInfoRepo.NameToPortGroupIdxVectMap" uuid="4e1de114-8461-4d74-a574-d051c8e6dbe8"/>
    </portGroupsRequireSameRate>
    <rateBasedMdlGlobalDSMRateSpec type="ModelRefInfoRepo.GlobalDSMRateSpecMap" uuid="f643567b-96a6-49b4-acd7-efb1b6f7c868"/>
    <rateSpecOfGlobalDSMAccessedByDescExpFcnMdlMap type="ModelRefInfoRepo.GlobalDSMRateSpecMap" uuid="79393ce3-1cfc-4e5b-b128-a819e45edaae"/>
    <rootBlockDiagramInterface type="ci.Model" uuid="fddb58e6-646b-409f-8df8-b60e79248b22">
      <p_RootComponentInterface type="ci.ComponentInterface" uuid="5a230c3c-5703-4df0-a49c-6f8d5f6bff14">
        <p_InputPorts type="ci.SignalInterface" uuid="8b592082-a8ee-4ec8-92b6-f97e223199b7">
          <p_ComputedNumericDimensions>1.0</p_ComputedNumericDimensions>
          <p_ComputedSampleTime>.005</p_ComputedSampleTime>
          <p_ComputedSampleTime>0.0</p_ComputedSampleTime>
          <p_ComputedSymbolicDimensions>inherit</p_ComputedSymbolicDimensions>
          <p_ComputedType>int16</p_ComputedType>
          <p_Name>SupVoltage</p_Name>
        </p_InputPorts>
        <p_InputPorts type="ci.SignalInterface" uuid="bdea3831-a9c0-4858-9fc4-33191b8219aa">
          <p_ComputedNumericDimensions>1.0</p_ComputedNumericDimensions>
          <p_ComputedSampleTime>.005</p_ComputedSampleTime>
          <p_ComputedSampleTime>0.0</p_ComputedSampleTime>
          <p_ComputedSymbolicDimensions>inherit</p_ComputedSymbolicDimensions>
          <p_ComputedType>int16</p_ComputedType>
          <p_Name>AmbTemperature</p_Name>
        </p_InputPorts>
        <p_InputPorts type="ci.SignalInterface" uuid="96e6a7c6-4158-439d-bddb-e09777e2345b">
          <p_ComputedNumericDimensions>1.0</p_ComputedNumericDimensions>
          <p_ComputedSampleTime>.005</p_ComputedSampleTime>
          <p_ComputedSampleTime>0.0</p_ComputedSampleTime>
          <p_ComputedSymbolicDimensions>inherit</p_ComputedSymbolicDimensions>
          <p_ComputedType>boolean</p_ComputedType>
          <p_Name>ChipFault</p_Name>
        </p_InputPorts>
        <p_InputPorts type="ci.SignalInterface" uuid="a337dd33-0bbc-46f7-9615-a92d59e391d9">
          <p_ComputedNumericDimensions>1.0</p_ComputedNumericDimensions>
          <p_ComputedSampleTime>.005</p_ComputedSampleTime>
          <p_ComputedSampleTime>0.0</p_ComputedSampleTime>
          <p_ComputedSymbolicDimensions>inherit</p_ComputedSymbolicDimensions>
          <p_ComputedType>boolean</p_ComputedType>
          <p_Name>PwmInPinSts</p_Name>
        </p_InputPorts>
        <p_InputPorts type="ci.SignalInterface" uuid="4159d8de-1511-4a02-976b-f4065f59ac46">
          <p_ComputedNumericDimensions>1.0</p_ComputedNumericDimensions>
          <p_ComputedSampleTime>.005</p_ComputedSampleTime>
          <p_ComputedSampleTime>0.0</p_ComputedSampleTime>
          <p_ComputedSymbolicDimensions>inherit</p_ComputedSymbolicDimensions>
          <p_ComputedType>boolean</p_ComputedType>
          <p_SignalName>SleepValid</p_SignalName>
          <p_Name>SleepValid</p_Name>
        </p_InputPorts>
        <p_InputPorts type="ci.SignalInterface" uuid="c4cc19eb-573c-4f94-8ee6-6f727a62e91f">
          <p_ComputedNumericDimensions>1.0</p_ComputedNumericDimensions>
          <p_ComputedSampleTime>.005</p_ComputedSampleTime>
          <p_ComputedSampleTime>0.0</p_ComputedSampleTime>
          <p_ComputedSymbolicDimensions>inherit</p_ComputedSymbolicDimensions>
          <p_ComputedType>uint16</p_ComputedType>
          <p_Name>PwmInFreq</p_Name>
        </p_InputPorts>
        <p_InputPorts type="ci.SignalInterface" uuid="cf60ce25-04da-439e-af86-16b797a0c56c">
          <p_ComputedNumericDimensions>1.0</p_ComputedNumericDimensions>
          <p_ComputedSampleTime>.005</p_ComputedSampleTime>
          <p_ComputedSampleTime>0.0</p_ComputedSampleTime>
          <p_ComputedSymbolicDimensions>inherit</p_ComputedSymbolicDimensions>
          <p_ComputedType>uint16</p_ComputedType>
          <p_Name>PwmInHighDuty</p_Name>
        </p_InputPorts>
        <p_InputPorts type="ci.SignalInterface" uuid="fab4e14c-ac3b-49f2-bae1-a097f6d17382">
          <p_ComputedNumericDimensions>1.0</p_ComputedNumericDimensions>
          <p_ComputedSampleTime>.005</p_ComputedSampleTime>
          <p_ComputedSampleTime>0.0</p_ComputedSampleTime>
          <p_ComputedSymbolicDimensions>inherit</p_ComputedSymbolicDimensions>
          <p_ComputedType>uint16</p_ComputedType>
          <p_Name>PwmInIdleTime</p_Name>
        </p_InputPorts>
        <p_InputPorts type="ci.SignalInterface" uuid="13185e89-65f7-4893-a78b-fc04f1051b6d">
          <p_ComputedNumericDimensions>1.0</p_ComputedNumericDimensions>
          <p_ComputedNumericDimensions>1.0</p_ComputedNumericDimensions>
          <p_ComputedSampleTime>.005</p_ComputedSampleTime>
          <p_ComputedSampleTime>0.0</p_ComputedSampleTime>
          <p_ComputedSymbolicDimensions>inherit</p_ComputedSymbolicDimensions>
          <p_ComputedType>boolean</p_ComputedType>
          <p_Name>IsMotorShort</p_Name>
        </p_InputPorts>
        <p_InputPorts type="ci.SignalInterface" uuid="4046dee2-04f2-4395-a196-4192fa512ba7">
          <p_ComputedNumericDimensions>1.0</p_ComputedNumericDimensions>
          <p_ComputedNumericDimensions>1.0</p_ComputedNumericDimensions>
          <p_ComputedSampleTime>.005</p_ComputedSampleTime>
          <p_ComputedSampleTime>0.0</p_ComputedSampleTime>
          <p_ComputedSymbolicDimensions>inherit</p_ComputedSymbolicDimensions>
          <p_ComputedType>boolean</p_ComputedType>
          <p_Name>IsMotorLock</p_Name>
        </p_InputPorts>
        <p_InputPorts type="ci.SignalInterface" uuid="eed6ce96-5f1a-4949-bc7c-2ca957736166">
          <p_ComputedNumericDimensions>1.0</p_ComputedNumericDimensions>
          <p_ComputedNumericDimensions>1.0</p_ComputedNumericDimensions>
          <p_ComputedSampleTime>.005</p_ComputedSampleTime>
          <p_ComputedSampleTime>0.0</p_ComputedSampleTime>
          <p_ComputedSymbolicDimensions>inherit</p_ComputedSymbolicDimensions>
          <p_ComputedType>boolean</p_ComputedType>
          <p_Name>IsMotorOpenLoad</p_Name>
        </p_InputPorts>
        <p_InputPorts type="ci.SignalInterface" uuid="d041d285-571a-428c-984c-67fd42794f54">
          <p_ComputedNumericDimensions>1.0</p_ComputedNumericDimensions>
          <p_ComputedSampleTime>.005</p_ComputedSampleTime>
          <p_ComputedSampleTime>0.0</p_ComputedSampleTime>
          <p_ComputedSymbolicDimensions>inherit</p_ComputedSymbolicDimensions>
          <p_ComputedType>boolean</p_ComputedType>
          <p_Name>RestartComplete</p_Name>
        </p_InputPorts>
        <p_InputPorts type="ci.SignalInterface" uuid="b3adcdec-bde0-4d86-b3db-8aeb6ec0a95b">
          <p_ComputedNumericDimensions>1.0</p_ComputedNumericDimensions>
          <p_ComputedSampleTime>.005</p_ComputedSampleTime>
          <p_ComputedSampleTime>0.0</p_ComputedSampleTime>
          <p_ComputedSymbolicDimensions>inherit</p_ComputedSymbolicDimensions>
          <p_ComputedType>int16</p_ComputedType>
          <p_Name>FilteredVoltage</p_Name>
        </p_InputPorts>
        <p_InputPorts type="ci.SignalInterface" uuid="bb214c4b-ece7-452c-8aa3-ccd99d1c6e18">
          <p_ComputedNumericDimensions>1.0</p_ComputedNumericDimensions>
          <p_ComputedSampleTime>.005</p_ComputedSampleTime>
          <p_ComputedSampleTime>0.0</p_ComputedSampleTime>
          <p_ComputedSymbolicDimensions>inherit</p_ComputedSymbolicDimensions>
          <p_ComputedType>boolean</p_ComputedType>
          <p_Name>IsMotorDryRunning</p_Name>
        </p_InputPorts>
        <p_InputPorts type="ci.SignalInterface" uuid="b77f140a-6a5e-44dd-9c09-e29fca199b53">
          <p_ComputedNumericDimensions>1.0</p_ComputedNumericDimensions>
          <p_ComputedSampleTime>.005</p_ComputedSampleTime>
          <p_ComputedSampleTime>0.0</p_ComputedSampleTime>
          <p_ComputedSymbolicDimensions>inherit</p_ComputedSymbolicDimensions>
          <p_ComputedType>boolean</p_ComputedType>
          <p_Name>TestModeSpeedCtrlEnable</p_Name>
        </p_InputPorts>
        <p_InputPorts type="ci.SignalInterface" uuid="1122ce58-a0a9-40fe-95fd-2295091905ab">
          <p_ComputedNumericDimensions>1.0</p_ComputedNumericDimensions>
          <p_ComputedSampleTime>.005</p_ComputedSampleTime>
          <p_ComputedSampleTime>0.0</p_ComputedSampleTime>
          <p_ComputedSymbolicDimensions>inherit</p_ComputedSymbolicDimensions>
          <p_ComputedType>int16</p_ComputedType>
          <p_Name>TestModeSpeed</p_Name>
        </p_InputPorts>
        <p_Name>AppMain</p_Name>
        <p_OutputPorts type="ci.SignalInterface" uuid="be020012-131c-49e0-abc1-e30c3ccc20a1">
          <p_ComputedNumericDimensions>1.0</p_ComputedNumericDimensions>
          <p_ComputedSampleTime>.005</p_ComputedSampleTime>
          <p_ComputedSampleTime>0.0</p_ComputedSampleTime>
          <p_ComputedSymbolicDimensions>inherit</p_ComputedSymbolicDimensions>
          <p_ComputedType>boolean</p_ComputedType>
          <p_Name>MotorRestartEnable</p_Name>
        </p_OutputPorts>
        <p_OutputPorts type="ci.SignalInterface" uuid="a6849338-25cb-4a0c-894c-55ac56d534e0">
          <p_ComputedNumericDimensions>1.0</p_ComputedNumericDimensions>
          <p_ComputedSampleTime>inf</p_ComputedSampleTime>
          <p_ComputedSampleTime>0.0</p_ComputedSampleTime>
          <p_ComputedSymbolicDimensions>inherit</p_ComputedSymbolicDimensions>
          <p_ComputedType>boolean</p_ComputedType>
          <p_Name>ChipSleep</p_Name>
        </p_OutputPorts>
        <p_OutputPorts type="ci.SignalInterface" uuid="32d166fa-c640-4756-b879-2ec4e430cde6">
          <p_ComputedNumericDimensions>1.0</p_ComputedNumericDimensions>
          <p_ComputedSampleTime>inf</p_ComputedSampleTime>
          <p_ComputedSampleTime>0.0</p_ComputedSampleTime>
          <p_ComputedSymbolicDimensions>inherit</p_ComputedSymbolicDimensions>
          <p_ComputedType>boolean</p_ComputedType>
          <p_Name>ChipReset</p_Name>
        </p_OutputPorts>
        <p_OutputPorts type="ci.SignalInterface" uuid="ff3c9a17-e0e3-4fd1-b154-d24239ca0007">
          <p_ComputedNumericDimensions>1.0</p_ComputedNumericDimensions>
          <p_ComputedNumericDimensions>1.0</p_ComputedNumericDimensions>
          <p_ComputedSampleTime>.1</p_ComputedSampleTime>
          <p_ComputedSampleTime>0.0</p_ComputedSampleTime>
          <p_ComputedSymbolicDimensions>inherit</p_ComputedSymbolicDimensions>
          <p_ComputedType>boolean</p_ComputedType>
          <p_Name>FeedBackBusStatus</p_Name>
        </p_OutputPorts>
        <p_OutputPorts type="ci.SignalInterface" uuid="a36c08c8-2e50-4f99-854a-62e286d1c9bc">
          <p_ComputedNumericDimensions>1.0</p_ComputedNumericDimensions>
          <p_ComputedSampleTime>.005</p_ComputedSampleTime>
          <p_ComputedSampleTime>0.0</p_ComputedSampleTime>
          <p_ComputedSymbolicDimensions>inherit</p_ComputedSymbolicDimensions>
          <p_ComputedType>int16</p_ComputedType>
          <p_Name>TargetSpeedLimited</p_Name>
        </p_OutputPorts>
        <p_OutputPorts type="ci.SignalInterface" uuid="465095dc-8a2c-4399-9f74-569d15cb2769">
          <p_ComputedNumericDimensions>1.0</p_ComputedNumericDimensions>
          <p_ComputedSampleTime>.005</p_ComputedSampleTime>
          <p_ComputedSampleTime>0.0</p_ComputedSampleTime>
          <p_ComputedSymbolicDimensions>inherit</p_ComputedSymbolicDimensions>
          <p_ComputedType>int8</p_ComputedType>
          <p_Name>VoltageStatus</p_Name>
        </p_OutputPorts>
        <p_OutputPorts type="ci.SignalInterface" uuid="e4b98e5b-1d91-44df-af8a-22abcf5a6eca">
          <p_ComputedNumericDimensions>1.0</p_ComputedNumericDimensions>
          <p_ComputedSampleTime>.005</p_ComputedSampleTime>
          <p_ComputedSampleTime>0.0</p_ComputedSampleTime>
          <p_ComputedSymbolicDimensions>inherit</p_ComputedSymbolicDimensions>
          <p_ComputedType>int8</p_ComputedType>
          <p_Name>AmbTStatus</p_Name>
        </p_OutputPorts>
        <p_OutputPorts type="ci.SignalInterface" uuid="0cbb0283-64e6-4939-8a8d-e7559c9fcebb">
          <p_ComputedNumericDimensions>1.0</p_ComputedNumericDimensions>
          <p_ComputedNumericDimensions>1.0</p_ComputedNumericDimensions>
          <p_ComputedSampleTime>.005</p_ComputedSampleTime>
          <p_ComputedSampleTime>0.0</p_ComputedSampleTime>
          <p_ComputedSymbolicDimensions>inherit</p_ComputedSymbolicDimensions>
          <p_ComputedType>uint8</p_ComputedType>
          <p_Name>ShortCnt</p_Name>
        </p_OutputPorts>
        <p_OutputPorts type="ci.SignalInterface" uuid="b7339918-eb53-4e3e-a566-39c4e6bd09ca">
          <p_ComputedNumericDimensions>1.0</p_ComputedNumericDimensions>
          <p_ComputedNumericDimensions>1.0</p_ComputedNumericDimensions>
          <p_ComputedSampleTime>.005</p_ComputedSampleTime>
          <p_ComputedSampleTime>0.0</p_ComputedSampleTime>
          <p_ComputedSymbolicDimensions>inherit</p_ComputedSymbolicDimensions>
          <p_ComputedType>uint8</p_ComputedType>
          <p_Name>OpenCnt</p_Name>
        </p_OutputPorts>
        <p_OutputPorts type="ci.SignalInterface" uuid="b3ccc06f-34e3-4cfe-ac14-efabfe339ced">
          <p_ComputedNumericDimensions>1.0</p_ComputedNumericDimensions>
          <p_ComputedNumericDimensions>1.0</p_ComputedNumericDimensions>
          <p_ComputedSampleTime>.005</p_ComputedSampleTime>
          <p_ComputedSampleTime>0.0</p_ComputedSampleTime>
          <p_ComputedSymbolicDimensions>inherit</p_ComputedSymbolicDimensions>
          <p_ComputedType>uint8</p_ComputedType>
          <p_Name>LockCnt</p_Name>
        </p_OutputPorts>
        <p_OutputPorts type="ci.SignalInterface" uuid="18d76140-97da-4a74-81b3-7f4de51990dd">
          <p_ComputedNumericDimensions>1.0</p_ComputedNumericDimensions>
          <p_ComputedSampleTime>.005</p_ComputedSampleTime>
          <p_ComputedSampleTime>0.0</p_ComputedSampleTime>
          <p_ComputedSymbolicDimensions>inherit</p_ComputedSymbolicDimensions>
          <p_ComputedType>boolean</p_ComputedType>
          <p_Name>PwmInError</p_Name>
        </p_OutputPorts>
        <p_OutputPorts type="ci.SignalInterface" uuid="53b57faa-becc-46a6-b1aa-2db07c7695b0">
          <p_ComputedNumericDimensions>1.0</p_ComputedNumericDimensions>
          <p_ComputedSampleTime>.005</p_ComputedSampleTime>
          <p_ComputedSampleTime>0.0</p_ComputedSampleTime>
          <p_ComputedSymbolicDimensions>inherit</p_ComputedSymbolicDimensions>
          <p_ComputedType>boolean</p_ComputedType>
          <p_Name>PwmInShortGND</p_Name>
        </p_OutputPorts>
        <p_OutputPorts type="ci.SignalInterface" uuid="2034a518-02ad-4273-bbfc-83965b7ab801">
          <p_ComputedNumericDimensions>1.0</p_ComputedNumericDimensions>
          <p_ComputedSampleTime>.005</p_ComputedSampleTime>
          <p_ComputedSampleTime>0.0</p_ComputedSampleTime>
          <p_ComputedSymbolicDimensions>inherit</p_ComputedSymbolicDimensions>
          <p_ComputedType>boolean</p_ComputedType>
          <p_Name>PwmInShortBat</p_Name>
        </p_OutputPorts>
        <p_OutputPorts type="ci.SignalInterface" uuid="1c5104c8-a7a6-4579-8257-7ea7b68bef51">
          <p_ComputedNumericDimensions>1.0</p_ComputedNumericDimensions>
          <p_ComputedSampleTime>.005</p_ComputedSampleTime>
          <p_ComputedSampleTime>0.0</p_ComputedSampleTime>
          <p_ComputedSymbolicDimensions>inherit</p_ComputedSymbolicDimensions>
          <p_ComputedType>int16</p_ComputedType>
          <p_Name>PwmInTargetSpeed</p_Name>
        </p_OutputPorts>
        <p_OutputPorts type="ci.SignalInterface" uuid="2c212a22-f8be-4635-8454-c045c948fb16">
          <p_ComputedNumericDimensions>1.0</p_ComputedNumericDimensions>
          <p_ComputedSampleTime>.005</p_ComputedSampleTime>
          <p_ComputedSampleTime>0.0</p_ComputedSampleTime>
          <p_ComputedSymbolicDimensions>inherit</p_ComputedSymbolicDimensions>
          <p_ComputedType>int16</p_ComputedType>
          <p_Name>TargetSpeed</p_Name>
        </p_OutputPorts>
        <p_Type>ROOT</p_Type>
      </p_RootComponentInterface>
    </rootBlockDiagramInterface>
    <simulinkFunctions type="ModelRefInfoRepo.SimulinkFunctions" uuid="64076ddf-a8b7-4bb9-b4f8-479524517837">
      <compSimulinkFunctionCatalog></compSimulinkFunctionCatalog>
    </simulinkFunctions>
    <sltpContext type="sltp.mm.core.Context" uuid="de4c491e-6f9c-4c0b-a3e7-90a4e5ffe716">
      <globalData type="sltp.mm.core.GlobalData" uuid="192f136a-9685-46b6-8489-436968763a47">
        <dataName>portAmbTStatus</dataName>
        <type>RootOutport</type>
      </globalData>
      <globalData type="sltp.mm.core.GlobalData" uuid="cf0e16be-e2d2-4904-82ce-78b5704fa34b">
        <dataName>portAmbTemperature</dataName>
        <type>RootInport</type>
      </globalData>
      <globalData type="sltp.mm.core.GlobalData" uuid="e3949661-61cd-47d3-8240-a3545d2436f2">
        <dataName>portChipFault</dataName>
        <type>RootInport</type>
      </globalData>
      <globalData type="sltp.mm.core.GlobalData" uuid="df7d78d9-efb6-431c-b784-aaa108d9ecc2">
        <dataName>portChipReset</dataName>
        <type>RootOutport</type>
      </globalData>
      <globalData type="sltp.mm.core.GlobalData" uuid="cb714ed4-b321-4bc9-9396-eea0028de316">
        <dataName>portChipSleep</dataName>
        <type>RootOutport</type>
      </globalData>
      <globalData type="sltp.mm.core.GlobalData" uuid="d4623ee2-6c84-446e-8077-b8bb0eb94b7f">
        <dataName>portDEBUG_SPEED</dataName>
        <type>RootOutport</type>
      </globalData>
      <globalData type="sltp.mm.core.GlobalData" uuid="bc0aef04-51b6-4d3a-bcd7-21aaadc6ae52">
        <dataName>portFeedBackBusStatus</dataName>
        <type>RootOutport</type>
      </globalData>
      <globalData type="sltp.mm.core.GlobalData" uuid="85bdd63d-00df-4b4e-a342-23d3340712cf">
        <dataName>portFilteredVoltage</dataName>
        <type>RootInport</type>
      </globalData>
      <globalData type="sltp.mm.core.GlobalData" uuid="db0d860f-9621-41ee-9cd5-69636d853505">
        <dataName>portIsMotorDryRunning</dataName>
        <type>RootInport</type>
      </globalData>
      <globalData type="sltp.mm.core.GlobalData" uuid="952aa995-c38a-469e-a454-917f688bf43d">
        <dataName>portIsMotorLock</dataName>
        <type>RootInport</type>
      </globalData>
      <globalData type="sltp.mm.core.GlobalData" uuid="cffe8add-a0bc-498e-a6b7-52566d012eef">
        <dataName>portIsMotorOpenLoad</dataName>
        <type>RootInport</type>
      </globalData>
      <globalData type="sltp.mm.core.GlobalData" uuid="7c15a47c-a439-4df2-90b9-fc8d005a4934">
        <dataName>portIsMotorShort</dataName>
        <type>RootInport</type>
      </globalData>
      <globalData type="sltp.mm.core.GlobalData" uuid="e97f9c7f-d048-49d9-9f5e-83473da291df">
        <dataName>portLockCnt</dataName>
        <type>RootOutport</type>
      </globalData>
      <globalData type="sltp.mm.core.GlobalData" uuid="812dbc8c-eab3-4889-bacf-07454a2b0f4d">
        <dataName>portMotorRestartEnable</dataName>
        <type>RootOutport</type>
      </globalData>
      <globalData type="sltp.mm.core.GlobalData" uuid="1f6436da-d41a-45f2-9a55-df2ec09f0565">
        <dataName>portOpenCnt</dataName>
        <type>RootOutport</type>
      </globalData>
      <globalData type="sltp.mm.core.GlobalData" uuid="cadf7010-0ce9-4d38-89ba-fddf696ff3c8">
        <dataName>portPwmInError</dataName>
        <type>RootOutport</type>
      </globalData>
      <globalData type="sltp.mm.core.GlobalData" uuid="ad517c6f-cc45-4fe9-8aad-b73145c0c10e">
        <dataName>portPwmInFreq</dataName>
        <type>RootInport</type>
      </globalData>
      <globalData type="sltp.mm.core.GlobalData" uuid="680168b1-af29-40f6-904a-77da03e3bf6c">
        <dataName>portPwmInHighDuty</dataName>
        <type>RootInport</type>
      </globalData>
      <globalData type="sltp.mm.core.GlobalData" uuid="55943555-0120-44ae-8990-b4f4af03ef86">
        <dataName>portPwmInIdleTime</dataName>
        <type>RootInport</type>
      </globalData>
      <globalData type="sltp.mm.core.GlobalData" uuid="b7b71c53-a8ac-4dad-83d3-2bc9421d4592">
        <dataName>portPwmInPinSts</dataName>
        <type>RootInport</type>
      </globalData>
      <globalData type="sltp.mm.core.GlobalData" uuid="f67ddf33-25d1-4b07-802d-36f3305f5c04">
        <dataName>portPwmInShortBat</dataName>
        <type>RootOutport</type>
      </globalData>
      <globalData type="sltp.mm.core.GlobalData" uuid="357cdbf6-edba-4f49-a73e-480a23b42f0a">
        <dataName>portPwmInShortGND</dataName>
        <type>RootOutport</type>
      </globalData>
      <globalData type="sltp.mm.core.GlobalData" uuid="7539375b-8955-4d26-8580-907d3a1cf95d">
        <dataName>portPwmInTargetSpeed</dataName>
        <type>RootOutport</type>
      </globalData>
      <globalData type="sltp.mm.core.GlobalData" uuid="9d5cecd1-f9b2-4b8b-b043-cd4e24ce2574">
        <dataName>portRestartComplete</dataName>
        <type>RootInport</type>
      </globalData>
      <globalData type="sltp.mm.core.GlobalData" uuid="34f793cd-cc51-416e-9dd7-4ecebdc2c6e8">
        <dataName>portShortCnt</dataName>
        <type>RootOutport</type>
      </globalData>
      <globalData type="sltp.mm.core.GlobalData" uuid="fa9f1b42-dc49-420a-8d5a-4ed62ba3d490">
        <dataName>portSleepValid</dataName>
        <type>RootInport</type>
      </globalData>
      <globalData type="sltp.mm.core.GlobalData" uuid="b07761cf-43a7-442e-9506-e8cb474958b5">
        <dataName>portSupVoltage</dataName>
        <type>RootInport</type>
      </globalData>
      <globalData type="sltp.mm.core.GlobalData" uuid="ecea2e62-9965-4e39-bad1-c8fd432db196">
        <dataName>portTargetSpeed</dataName>
        <type>RootOutport</type>
      </globalData>
      <globalData type="sltp.mm.core.GlobalData" uuid="594f1737-71a9-47cc-84f2-4c8d8b503f89">
        <dataName>portTargetSpeedLimited</dataName>
        <type>RootOutport</type>
      </globalData>
      <globalData type="sltp.mm.core.GlobalData" uuid="7e74aec9-e4da-4b42-af15-3c6324d66aa2">
        <dataName>portTestModeSpeed</dataName>
        <type>RootInport</type>
      </globalData>
      <globalData type="sltp.mm.core.GlobalData" uuid="66ef5a15-274c-4320-bab8-fdc46fa992e4">
        <dataName>portTestModeSpeedCtrlEnable</dataName>
        <type>RootInport</type>
      </globalData>
      <globalData type="sltp.mm.core.GlobalData" uuid="d7b566b6-54e3-445c-8a08-24c8c153f2c0">
        <dataName>portVoltageStatus</dataName>
        <type>RootOutport</type>
      </globalData>
      <priorityDirection>HighNumberLast</priorityDirection>
      <unusedTaskIds>1</unusedTaskIds>
      <defaultEventBehavior type="sltp.mm.core.EventBehavior" uuid="09e4caae-f235-4214-8e20-75b5ca69a40a"/>
      <editorState type="sltp.mm.core.EditorState" uuid="3f44b0dc-530a-481a-a1f2-4eb216b89759">
        <isSynchronized>true</isSynchronized>
        <panelState type="sltp.mm.core.EditorPanelState" uuid="df4bd5a8-17cf-4ef1-9c72-e915b396e9d8"/>
      </editorState>
      <rootTask type="sltp.mm.core.Task" uuid="758cf05c-54fe-49d3-9ef1-5a37192eaea8">
        <context type="sltp.mm.core.Context" uuid="de4c491e-6f9c-4c0b-a3e7-90a4e5ffe716"/>
        <explicit>false</explicit>
        <name>Default</name>
        <priority>-2147483648</priority>
        <subgraph type="sltp.mm.core.Graph" uuid="58e30033-e6d7-4f5d-916a-110e5b2966b0">
          <tasks type="sltp.mm.core.Task" uuid="af384f56-77b2-490f-8da3-f5855891c219">
            <context type="sltp.mm.core.Context" uuid="de4c491e-6f9c-4c0b-a3e7-90a4e5ffe716"/>
            <explicit>false</explicit>
            <id>2</id>
            <isTimed>true</isTimed>
            <name>D1</name>
            <priority>40</priority>
            <rates type="sltp.mm.core.Rate" uuid="256b0472-b6ea-459f-b62d-68dcb571b719">
              <annotation>D1</annotation>
              <color>-436207361</color>
              <hasBlocks>true</hasBlocks>
              <identifier>ClassicPeriodicDiscrete0.0050</identifier>
              <rateIndex>0</rateIndex>
              <rateSpec type="sltp.mm.core.RateSpec">
                <period>.005</period>
              </rateSpec>
              <sti>0</sti>
            </rates>
            <rates type="sltp.mm.core.Rate" uuid="8998c634-a5e7-4e53-ae27-58fbb94de130">
              <annotation>D2</annotation>
              <color>13697279</color>
              <hasBlocks>true</hasBlocks>
              <rateIndex>1</rateIndex>
              <rateSpec type="sltp.mm.core.RateSpec">
                <period>.1</period>
              </rateSpec>
              <sti>1</sti>
            </rates>
          </tasks>
        </subgraph>
      </rootTask>
    </sltpContext>
    <stateWriterToOwnerMap type="ModelRefInfoRepo.StateWriterInfo" uuid="8db54ea9-bc6c-450a-9b49-9718129609b7"/>
    <stoClientDataRegistry type="sto.ClientDataRegistry" uuid="59500d15-a8d7-49ae-997d-acda7d51f6ce">
      <dataSets type="sto.ClientClockNamedDataSet" uuid="8e52dc43-aaf1-447d-af86-1698556b6f6e">
        <tag>sltpEvents</tag>
      </dataSets>
      <dataSets type="sto.ClientTaskHierarchyElementNamedDataSet" uuid="282cd418-3af8-4d43-9ff7-5f90d82cdaa5">
        <tag>sltpTaskGroups</tag>
      </dataSets>
      <dataSets type="sto.ClientTaskHierarchyElementNamedDataSet" uuid="a72810e4-0522-49c4-8827-bb20bcbbd19c">
        <dSet type="ModelRefInfoRepo.SltpTaskData" uuid="e9075c3b-fb39-4d2a-9cc9-a8ee554a5bf8"/>
        <tSet type="ModelRefInfoRepo.SltpTaskData" uuid="e9075c3b-fb39-4d2a-9cc9-a8ee554a5bf8">
          <dataName>D1</dataName>
          <linkedSet type="sto.ClientTaskHierarchyElementNamedDataSet" uuid="a72810e4-0522-49c4-8827-bb20bcbbd19c"/>
          <id type="sto.TaskHierarchyElementId">
            <clockId>AppMain::defaultTimer</clockId>
            <id>_task0</id>
          </id>
        </tSet>
        <tag>sltpTasks</tag>
      </dataSets>
    </stoClientDataRegistry>
    <varTsUIDMap type="ModelRefInfoRepo.VarTsUIDMap" uuid="e534de0f-78bb-4ab2-876e-92a3e2fcc221"/>
  </ModelRefInfoRepo.ModelRefInfoRoot>
</MF0>